ID_Pedido,Data_Pedido,Nome_Produto,Categoria,Preco_Unitario,Quantidade,ID_Cliente,Cidade,Estado,Faturamento
1000,2025-08-14 23:00:00,Smartphone Premium,Eletrônicos,4200.0,6,109,São Luís,MA,25200.0
1001,2025-08-14 19:00:00,Mouse Vertical,Acessórios,246.93,5,122,Macapá,AP,1234.65
1002,2025-08-14 12:00:00,Roteador Wi-Fi 6,Hardware,650.0,1,107,Aracaju,SE,650.0
1003,2025-08-14 10:00:00,Placa de Vídeo,Hardware,4500.0,4,149,Manaus,AM,18000.0
1004,2025-08-14 23:00:00,Notebook Ultrafino,Eletrônicos,5200.0,3,102,Fortaleza,CE,15600.0
1005,2025-08-15 15:00:00,Cadeira Gamer,Móveis,1200.0,4,118,Vitória,ES,4800.0
1006,2025-08-15 23:00:00,Laptop Gamer,Eletrônicos,7500.0,7,131,Belém,PA,52500.0
1007,2025-08-15 05:00:00,HD Externo 2TB,Hardware,450.0,7,132,São Luís,MA,3150.0
1008,2025-08-15 16:00:00,Smartphone Premium,Eletrônicos,4200.0,2,130,Belém,PA,8400.0
1009,2025-08-15 00:00:00,Notebook Ultrafino,Eletrônicos,5200.0,6,100,Belo Horizonte,MG,31200.0
1010,2025-08-16 03:00:00,Headset 7.1,Acessórios,800.0,4,108,Palmas,TO,3200.0
1011,2025-08-16 20:00:00,Cadeira Gamer,Móveis,1200.0,7,125,Palmas,TO,8400.0
1012,2025-08-16 07:00:00,Headset 7.1,Acessórios,800.0,4,113,Campo Grande,MS,3200.0
1013,2025-08-16 19:00:00,Laptop Gamer,Eletrônicos,7500.0,2,112,Maceió,AL,15000.0
1014,2025-08-16 07:00:00,Monitor Ultrawide,Eletrônicos,2800.0,1,128,Macapá,AP,2800.0
1015,2025-08-17 18:00:00,Webcam Full HD,Acessórios,300.0,1,107,Goiânia,GO,300.0
1016,2025-08-17 09:00:00,Mesa Escritório,Móveis,700.0,2,146,Florianópolis,SC,1400.0
1017,2025-08-17 00:00:00,Mouse Vertical,Acessórios,247.52,6,115,Goiânia,GO,1485.1200000000001
1018,2025-08-17 21:00:00,Monitor Ultrawide,Eletrônicos,2800.0,4,149,Belo Horizonte,MG,11200.0
1019,2025-08-17 14:00:00,Fonte 750W,Hardware,550.0,1,147,São Luís,MA,550.0
1020,2025-08-18 01:00:00,Notebook Ultrafino,Eletrônicos,5200.0,1,135,Florianópolis,SC,5200.0
1021,2025-08-18 18:00:00,Laptop Gamer,Eletrônicos,7500.0,7,115,Rio Branco,AC,52500.0
1022,2025-08-18 01:00:00,SSD 1TB,Hardware,600.0,6,139,Aracaju,SE,3600.0
1023,2025-08-18 21:00:00,Headset 7.1,Acessórios,800.0,2,122,Natal,RN,1600.0
1024,2025-08-18 06:00:00,Placa de Vídeo,Hardware,4500.0,5,123,Cuiabá,MT,22500.0
1025,2025-08-19 19:00:00,Webcam Full HD,Acessórios,300.0,6,139,Belo Horizonte,MG,1800.0
1026,2025-08-19 18:00:00,Impressora Multifuncional,Eletrônicos,900.0,6,119,São Paulo,SP,5400.0
1027,2025-08-19 20:00:00,Laptop Gamer,Eletrônicos,7500.0,7,141,Porto Alegre,RS,52500.0
1028,2025-08-19 14:00:00,Mesa Escritório,Móveis,700.0,2,114,Campo Grande,MS,1400.0
1029,2025-08-19 05:00:00,Impressora Multifuncional,Eletrônicos,900.0,4,135,Recife,PE,3600.0
1030,2025-08-20 07:00:00,Mesa Escritório,Móveis,700.0,6,140,Maceió,AL,4200.0
1031,2025-08-20 14:00:00,Laptop Gamer,Eletrônicos,7500.0,6,107,Rio de Janeiro,RJ,45000.0
1032,2025-08-20 01:00:00,Webcam Full HD,Acessórios,300.0,1,123,João Pessoa,PB,300.0
1033,2025-08-20 00:00:00,Impressora Multifuncional,Eletrônicos,900.0,3,110,Porto Velho,RO,2700.0
1034,2025-08-20 18:00:00,Smartphone Premium,Eletrônicos,4200.0,2,127,Teresina,PI,8400.0
1035,2025-08-21 21:00:00,Impressora Multifuncional,Eletrônicos,900.0,3,122,Porto Velho,RO,2700.0
1036,2025-08-21 02:00:00,Mouse Vertical,Acessórios,239.21,1,145,Boa Vista,RR,239.21
1037,2025-08-21 15:00:00,Cadeira Gamer,Móveis,1200.0,3,109,Salvador,BA,3600.0
1038,2025-08-21 17:00:00,Smartphone Premium,Eletrônicos,4200.0,5,131,Boa Vista,RR,21000.0
1039,2025-08-21 13:00:00,Monitor Ultrawide,Eletrônicos,2800.0,2,107,Macapá,AP,5600.0
1040,2025-08-22 16:00:00,Webcam Full HD,Acessórios,300.0,3,135,Rio de Janeiro,RJ,900.0
1041,2025-08-22 04:00:00,Placa de Vídeo,Hardware,4500.0,7,121,Rio de Janeiro,RJ,31500.0
1042,2025-08-22 11:00:00,Fonte 750W,Hardware,550.0,1,137,Macapá,AP,550.0
1043,2025-08-22 01:00:00,Impressora Multifuncional,Eletrônicos,900.0,2,107,Salvador,BA,1800.0
1044,2025-08-22 09:00:00,HD Externo 2TB,Hardware,450.0,2,148,São Paulo,SP,900.0
1045,2025-08-23 02:00:00,Roteador Wi-Fi 6,Hardware,650.0,7,128,Maceió,AL,4550.0
1046,2025-08-23 06:00:00,Cadeira Gamer,Móveis,1200.0,7,129,Recife,PE,8400.0
1047,2025-08-23 01:00:00,Placa de Vídeo,Hardware,4500.0,2,114,João Pessoa,PB,9000.0
1048,2025-08-23 08:00:00,Webcam Full HD,Acessórios,300.0,5,131,Teresina,PI,1500.0
1049,2025-08-23 02:00:00,Teclado Mecânico,Acessórios,521.47,1,148,Teresina,PI,521.47
1050,2025-08-24 11:00:00,Monitor Ultrawide,Eletrônicos,2800.0,7,139,Campo Grande,MS,19600.0
1051,2025-08-24 12:00:00,SSD 1TB,Hardware,600.0,2,121,Recife,PE,1200.0
1052,2025-08-24 01:00:00,Headset 7.1,Acessórios,800.0,1,133,Campo Grande,MS,800.0
1053,2025-08-24 22:00:00,Laptop Gamer,Eletrônicos,7500.0,7,146,Natal,RN,52500.0
1054,2025-08-24 21:00:00,Roteador Wi-Fi 6,Hardware,650.0,3,112,João Pessoa,PB,1950.0
1055,2025-08-25 21:00:00,Cadeira Gamer,Móveis,1200.0,4,137,Rio de Janeiro,RJ,4800.0
1056,2025-08-25 05:00:00,Mesa Escritório,Móveis,700.0,7,146,Rio Branco,AC,4900.0
1057,2025-08-25 23:00:00,Smartphone Premium,Eletrônicos,4200.0,5,125,Macapá,AP,21000.0
1058,2025-08-25 08:00:00,Headset 7.1,Acessórios,800.0,6,147,Goiânia,GO,4800.0
1059,2025-08-25 05:00:00,Impressora Multifuncional,Eletrônicos,900.0,3,138,Palmas,TO,2700.0
1060,2025-08-26 00:00:00,Dock Station USB-C,Acessórios,500.0,2,118,Florianópolis,SC,1000.0
1061,2025-08-26 09:00:00,Monitor Ultrawide,Eletrônicos,2800.0,6,120,Rio Branco,AC,16800.0
1062,2025-08-26 03:00:00,Headset 7.1,Acessórios,800.0,6,128,Recife,PE,4800.0
1063,2025-08-26 06:00:00,Cadeira Gamer,Móveis,1200.0,1,121,São Paulo,SP,1200.0
1064,2025-08-26 15:00:00,Headset 7.1,Acessórios,800.0,3,129,Belo Horizonte,MG,2400.0
1065,2025-08-27 05:00:00,Headset 7.1,Acessórios,800.0,2,131,Macapá,AP,1600.0
1066,2025-08-27 22:00:00,Monitor Ultrawide,Eletrônicos,2800.0,7,117,Boa Vista,RR,19600.0
1067,2025-08-27 22:00:00,Roteador Wi-Fi 6,Hardware,650.0,5,117,Goiânia,GO,3250.0
1068,2025-08-27 08:00:00,Smartphone Premium,Eletrônicos,4200.0,6,139,Cuiabá,MT,25200.0
1069,2025-08-27 16:00:00,Monitor Ultrawide,Eletrônicos,2800.0,5,115,Maceió,AL,14000.0
1070,2025-08-28 09:00:00,Smartphone Premium,Eletrônicos,4200.0,2,144,Cuiabá,MT,8400.0
1071,2025-08-28 08:00:00,Monitor Ultrawide,Eletrônicos,2800.0,7,104,Goiânia,GO,19600.0
1072,2025-08-28 01:00:00,Cadeira Gamer,Móveis,1200.0,3,120,Florianópolis,SC,3600.0
1073,2025-08-28 05:00:00,Dock Station USB-C,Acessórios,500.0,7,104,Maceió,AL,3500.0
1074,2025-08-28 18:00:00,Impressora Multifuncional,Eletrônicos,900.0,6,102,São Luís,MA,5400.0
1075,2025-08-29 04:00:00,Impressora Multifuncional,Eletrônicos,900.0,1,101,Rio de Janeiro,RJ,900.0
1076,2025-08-29 06:00:00,Caixa de Som Bluetooth,Acessórios,350.0,6,127,Curitiba,PR,2100.0
1077,2025-08-29 07:00:00,SSD 1TB,Hardware,600.0,7,129,Natal,RN,4200.0
1078,2025-08-29 02:00:00,Headset 7.1,Acessórios,800.0,7,123,Vitória,ES,5600.0
1079,2025-08-29 18:00:00,Notebook Ultrafino,Eletrônicos,5200.0,4,100,Belo Horizonte,MG,20800.0
1080,2025-08-30 08:00:00,Roteador Wi-Fi 6,Hardware,650.0,7,149,Belém,PA,4550.0
1081,2025-08-30 22:00:00,Dock Station USB-C,Acessórios,500.0,5,103,Manaus,AM,2500.0
1082,2025-08-30 13:00:00,Impressora Multifuncional,Eletrônicos,900.0,4,101,Maceió,AL,3600.0
1083,2025-08-30 01:00:00,Placa de Vídeo,Hardware,4500.0,1,117,Porto Alegre,RS,4500.0
1084,2025-08-30 10:00:00,Roteador Wi-Fi 6,Hardware,650.0,3,121,Macapá,AP,1950.0
1085,2025-08-31 12:00:00,Laptop Gamer,Eletrônicos,7500.0,7,140,Maceió,AL,52500.0
1086,2025-08-31 16:00:00,Webcam Full HD,Acessórios,300.0,7,115,Aracaju,SE,2100.0
1087,2025-08-31 23:00:00,Webcam Full HD,Acessórios,300.0,1,125,Goiânia,GO,300.0
1088,2025-08-31 20:00:00,SSD 1TB,Hardware,600.0,2,125,Vitória,ES,1200.0
1089,2025-08-31 06:00:00,Webcam Full HD,Acessórios,300.0,7,140,Porto Velho,RO,2100.0
1090,2025-09-01 06:00:00,Caixa de Som Bluetooth,Acessórios,350.0,1,141,Cuiabá,MT,350.0
1091,2025-09-01 04:00:00,Smartphone Premium,Eletrônicos,4200.0,3,113,Natal,RN,12600.0
1092,2025-09-01 13:00:00,Roteador Wi-Fi 6,Hardware,650.0,2,111,Belém,PA,1300.0
1093,2025-09-01 18:00:00,Smartphone Premium,Eletrônicos,4200.0,5,122,Vitória,ES,21000.0
1094,2025-09-01 14:00:00,HD Externo 2TB,Hardware,450.0,7,104,Brasília,DF,3150.0
1095,2025-09-02 19:00:00,Cadeira Gamer,Móveis,1200.0,2,144,Florianópolis,SC,2400.0
1096,2025-09-02 07:00:00,Roteador Wi-Fi 6,Hardware,650.0,2,100,Fortaleza,CE,1300.0
1097,2025-09-02 05:00:00,Impressora Multifuncional,Eletrônicos,900.0,1,139,Natal,RN,900.0
1098,2025-09-02 08:00:00,Cadeira Gamer,Móveis,1200.0,3,129,Aracaju,SE,3600.0
1099,2025-09-02 13:00:00,Smartphone Premium,Eletrônicos,4200.0,3,143,Recife,PE,12600.0
1100,2025-09-03 21:00:00,Fonte 750W,Hardware,550.0,5,103,Porto Velho,RO,2750.0
1101,2025-09-03 05:00:00,Monitor Ultrawide,Eletrônicos,2800.0,7,130,Fortaleza,CE,19600.0
1102,2025-09-03 22:00:00,Notebook Ultrafino,Eletrônicos,5200.0,7,146,João Pessoa,PB,36400.0
1103,2025-09-03 22:00:00,Roteador Wi-Fi 6,Hardware,650.0,4,132,João Pessoa,PB,2600.0
1104,2025-09-03 17:00:00,Mesa Escritório,Móveis,700.0,5,138,Porto Alegre,RS,3500.0
1105,2025-09-04 19:00:00,Placa de Vídeo,Hardware,4500.0,6,116,Palmas,TO,27000.0
1106,2025-09-04 13:00:00,Monitor Ultrawide,Eletrônicos,2800.0,6,113,Curitiba,PR,16800.0
1107,2025-09-04 00:00:00,Mesa Escritório,Móveis,700.0,7,127,Manaus,AM,4900.0
1108,2025-09-04 09:00:00,Dock Station USB-C,Acessórios,500.0,5,113,Campo Grande,MS,2500.0
1109,2025-09-04 01:00:00,Smartphone Premium,Eletrônicos,4200.0,7,113,Maceió,AL,29400.0
1110,2025-09-05 06:00:00,Caixa de Som Bluetooth,Acessórios,350.0,1,114,Florianópolis,SC,350.0
1111,2025-09-05 04:00:00,Teclado Mecânico,Acessórios,547.14,2,132,João Pessoa,PB,1094.28
1112,2025-09-05 22:00:00,Placa de Vídeo,Hardware,4500.0,3,134,Macapá,AP,13500.0
1113,2025-09-05 07:00:00,Roteador Wi-Fi 6,Hardware,650.0,5,145,Goiânia,GO,3250.0
1114,2025-09-05 21:00:00,Notebook Ultrafino,Eletrônicos,5200.0,7,103,Aracaju,SE,36400.0
1115,2025-09-06 08:00:00,Smartphone Premium,Eletrônicos,4200.0,2,132,Cuiabá,MT,8400.0
1116,2025-09-06 15:00:00,Webcam Full HD,Acessórios,300.0,3,137,Maceió,AL,900.0
1117,2025-09-06 03:00:00,Dock Station USB-C,Acessórios,500.0,1,136,Teresina,PI,500.0
1118,2025-09-06 06:00:00,Cadeira Gamer,Móveis,1200.0,7,149,Natal,RN,8400.0
1119,2025-09-06 19:00:00,Mouse Vertical,Acessórios,236.96,4,145,Porto Velho,RO,947.84
1120,2025-09-07 21:00:00,Laptop Gamer,Eletrônicos,7500.0,3,142,Porto Velho,RO,22500.0
1121,2025-09-07 09:00:00,Smartphone Premium,Eletrônicos,4200.0,4,124,João Pessoa,PB,16800.0
1122,2025-09-07 18:00:00,SSD 1TB,Hardware,600.0,1,136,Porto Alegre,RS,600.0
1123,2025-09-07 02:00:00,Smartphone Premium,Eletrônicos,4200.0,1,117,Manaus,AM,4200.0
1124,2025-09-07 08:00:00,Smartphone Premium,Eletrônicos,4200.0,6,110,Cuiabá,MT,25200.0
1125,2025-09-08 06:00:00,Fonte 750W,Hardware,550.0,5,131,Florianópolis,SC,2750.0
1126,2025-09-08 21:00:00,Smartphone Premium,Eletrônicos,4200.0,5,141,Rio Branco,AC,21000.0
1127,2025-09-08 00:00:00,Dock Station USB-C,Acessórios,500.0,1,119,Vitória,ES,500.0
1128,2025-09-08 15:00:00,HD Externo 2TB,Hardware,450.0,2,124,Macapá,AP,900.0
1129,2025-09-08 03:00:00,Placa de Vídeo,Hardware,4500.0,4,149,Rio de Janeiro,RJ,18000.0
1130,2025-09-09 21:00:00,Mesa Escritório,Móveis,700.0,3,134,Porto Alegre,RS,2100.0
1131,2025-09-09 16:00:00,Cadeira Gamer,Móveis,1200.0,1,143,Cuiabá,MT,1200.0
1132,2025-09-09 20:00:00,Impressora Multifuncional,Eletrônicos,900.0,2,122,Belém,PA,1800.0
1133,2025-09-09 19:00:00,Webcam Full HD,Acessórios,300.0,5,139,Aracaju,SE,1500.0
1134,2025-09-09 23:00:00,Fonte 750W,Hardware,550.0,4,124,Boa Vista,RR,2200.0
1135,2025-09-10 06:00:00,Fonte 750W,Hardware,550.0,5,124,Aracaju,SE,2750.0
1136,2025-09-10 17:00:00,Mesa Escritório,Móveis,700.0,4,113,Rio de Janeiro,RJ,2800.0
1137,2025-09-10 05:00:00,Smartphone Premium,Eletrônicos,4200.0,6,116,Curitiba,PR,25200.0
1138,2025-09-10 02:00:00,Teclado Mecânico,Acessórios,518.7,2,138,Salvador,BA,1037.4
1139,2025-09-10 18:00:00,Monitor Ultrawide,Eletrônicos,2800.0,5,141,Rio de Janeiro,RJ,14000.0
1140,2025-09-11 22:00:00,Fonte 750W,Hardware,550.0,7,148,Belém,PA,3850.0
1141,2025-09-11 14:00:00,SSD 1TB,Hardware,600.0,3,106,Vitória,ES,1800.0
1142,2025-09-11 01:00:00,Laptop Gamer,Eletrônicos,7500.0,7,100,Porto Velho,RO,52500.0
1143,2025-09-11 01:00:00,SSD 1TB,Hardware,600.0,7,133,Florianópolis,SC,4200.0
1144,2025-09-11 14:00:00,Notebook Ultrafino,Eletrônicos,5200.0,5,140,Cuiabá,MT,26000.0
1145,2025-09-12 09:00:00,HD Externo 2TB,Hardware,450.0,5,125,Salvador,BA,2250.0
1146,2025-09-12 15:00:00,Laptop Gamer,Eletrônicos,7500.0,1,140,São Paulo,SP,7500.0
1147,2025-09-12 13:00:00,Webcam Full HD,Acessórios,300.0,6,127,Porto Velho,RO,1800.0
1148,2025-09-12 17:00:00,Mesa Escritório,Móveis,700.0,1,126,Salvador,BA,700.0
1149,2025-09-12 02:00:00,Smartphone Premium,Eletrônicos,4200.0,7,137,Recife,PE,29400.0
1150,2025-09-13 14:00:00,Roteador Wi-Fi 6,Hardware,650.0,4,115,Natal,RN,2600.0
1151,2025-09-13 18:00:00,Webcam Full HD,Acessórios,300.0,4,141,São Paulo,SP,1200.0
1152,2025-09-13 17:00:00,Fonte 750W,Hardware,550.0,1,119,Cuiabá,MT,550.0
1153,2025-09-13 08:00:00,Placa de Vídeo,Hardware,4500.0,1,112,Macapá,AP,4500.0
1154,2025-09-13 13:00:00,Caixa de Som Bluetooth,Acessórios,350.0,5,116,Vitória,ES,1750.0
1155,2025-09-14 11:00:00,SSD 1TB,Hardware,600.0,7,146,Rio Branco,AC,4200.0
1156,2025-09-14 12:00:00,SSD 1TB,Hardware,600.0,2,127,São Luís,MA,1200.0
1157,2025-09-14 14:00:00,Notebook Ultrafino,Eletrônicos,5200.0,3,146,Recife,PE,15600.0
1158,2025-09-14 21:00:00,Caixa de Som Bluetooth,Acessórios,350.0,1,136,São Paulo,SP,350.0
1159,2025-09-14 17:00:00,Placa de Vídeo,Hardware,4500.0,3,139,Porto Velho,RO,13500.0
1160,2025-09-15 07:00:00,SSD 1TB,Hardware,600.0,2,134,Porto Alegre,RS,1200.0
1161,2025-09-15 23:00:00,SSD 1TB,Hardware,600.0,5,117,São Paulo,SP,3000.0
1162,2025-09-15 03:00:00,Cadeira Gamer,Móveis,1200.0,6,136,Curitiba,PR,7200.0
1163,2025-09-15 20:00:00,Laptop Gamer,Eletrônicos,7500.0,5,129,Teresina,PI,37500.0
1164,2025-09-15 11:00:00,Notebook Ultrafino,Eletrônicos,5200.0,3,131,Palmas,TO,15600.0
1165,2025-09-16 13:00:00,Notebook Ultrafino,Eletrônicos,5200.0,4,113,Macapá,AP,20800.0
1166,2025-09-16 20:00:00,HD Externo 2TB,Hardware,450.0,6,105,Rio Branco,AC,2700.0
1167,2025-09-16 19:00:00,Caixa de Som Bluetooth,Acessórios,350.0,7,139,Cuiabá,MT,2450.0
1168,2025-09-16 08:00:00,Smartphone Premium,Eletrônicos,4200.0,4,135,Macapá,AP,16800.0
1169,2025-09-16 22:00:00,Roteador Wi-Fi 6,Hardware,650.0,1,134,Porto Velho,RO,650.0
1170,2025-09-17 22:00:00,Roteador Wi-Fi 6,Hardware,650.0,5,132,Teresina,PI,3250.0
1171,2025-09-17 22:00:00,Impressora Multifuncional,Eletrônicos,900.0,1,141,São Paulo,SP,900.0
1172,2025-09-17 04:00:00,Dock Station USB-C,Acessórios,500.0,6,107,Florianópolis,SC,3000.0
1173,2025-09-17 02:00:00,Headset 7.1,Acessórios,800.0,5,138,Campo Grande,MS,4000.0
1174,2025-09-17 05:00:00,Webcam Full HD,Acessórios,300.0,4,144,João Pessoa,PB,1200.0
1175,2025-09-18 11:00:00,Dock Station USB-C,Acessórios,500.0,3,114,Palmas,TO,1500.0
1176,2025-09-18 03:00:00,Teclado Mecânico,Acessórios,527.66,7,122,São Paulo,SP,3693.62
1177,2025-09-18 13:00:00,Placa de Vídeo,Hardware,4500.0,6,130,Vitória,ES,27000.0
1178,2025-09-18 17:00:00,Roteador Wi-Fi 6,Hardware,650.0,1,148,Porto Alegre,RS,650.0
1179,2025-09-18 05:00:00,Impressora Multifuncional,Eletrônicos,900.0,5,149,Brasília,DF,4500.0
1180,2025-09-19 00:00:00,HD Externo 2TB,Hardware,450.0,3,126,São Paulo,SP,1350.0
1181,2025-09-19 21:00:00,Cadeira Gamer,Móveis,1200.0,2,101,Macapá,AP,2400.0
1182,2025-09-19 16:00:00,Smartphone Premium,Eletrônicos,4200.0,6,103,São Paulo,SP,25200.0
1183,2025-09-19 01:00:00,Mouse Vertical,Acessórios,229.8,1,131,Boa Vista,RR,229.8
1184,2025-09-19 19:00:00,Placa de Vídeo,Hardware,4500.0,5,121,Belém,PA,22500.0
1185,2025-09-20 22:00:00,Laptop Gamer,Eletrônicos,7500.0,6,111,Cuiabá,MT,45000.0
1186,2025-09-20 20:00:00,Mouse Vertical,Acessórios,233.78,7,102,Aracaju,SE,1636.46
1187,2025-09-20 01:00:00,Caixa de Som Bluetooth,Acessórios,350.0,7,141,São Paulo,SP,2450.0
1188,2025-09-20 22:00:00,Impressora Multifuncional,Eletrônicos,900.0,1,118,Boa Vista,RR,900.0
1189,2025-09-20 00:00:00,Mesa Escritório,Móveis,700.0,1,110,Maceió,AL,700.0
1190,2025-09-21 02:00:00,Notebook Ultrafino,Eletrônicos,5200.0,6,112,São Luís,MA,31200.0
1191,2025-09-21 17:00:00,Roteador Wi-Fi 6,Hardware,650.0,1,106,Salvador,BA,650.0
1192,2025-09-21 05:00:00,Laptop Gamer,Eletrônicos,7500.0,5,121,Manaus,AM,37500.0
1193,2025-09-21 08:00:00,Cadeira Gamer,Móveis,1200.0,7,114,Porto Alegre,RS,8400.0
1194,2025-09-21 14:00:00,Smartphone Premium,Eletrônicos,4200.0,7,108,Macapá,AP,29400.0
1195,2025-09-22 10:00:00,Fonte 750W,Hardware,550.0,2,108,Rio Branco,AC,1100.0
1196,2025-09-22 15:00:00,Dock Station USB-C,Acessórios,500.0,4,140,Salvador,BA,2000.0
1197,2025-09-22 15:00:00,Teclado Mecânico,Acessórios,524.64,6,124,Rio Branco,AC,3147.84
1198,2025-09-22 04:00:00,Webcam Full HD,Acessórios,300.0,6,149,Belém,PA,1800.0
1199,2025-09-22 08:00:00,Roteador Wi-Fi 6,Hardware,650.0,5,144,Boa Vista,RR,3250.0
1200,2025-09-23 21:00:00,Roteador Wi-Fi 6,Hardware,650.0,2,146,Macapá,AP,1300.0
1201,2025-09-23 05:00:00,Roteador Wi-Fi 6,Hardware,650.0,5,138,Belém,PA,3250.0
1202,2025-09-23 04:00:00,Roteador Wi-Fi 6,Hardware,650.0,2,107,São Luís,MA,1300.0
1203,2025-09-23 13:00:00,Roteador Wi-Fi 6,Hardware,650.0,7,139,São Paulo,SP,4550.0
1204,2025-09-23 11:00:00,Headset 7.1,Acessórios,800.0,3,140,Manaus,AM,2400.0
1205,2025-09-24 10:00:00,Webcam Full HD,Acessórios,300.0,4,115,Natal,RN,1200.0
1206,2025-09-24 21:00:00,Mouse Vertical,Acessórios,247.41,7,137,Brasília,DF,1731.87
1207,2025-09-24 07:00:00,HD Externo 2TB,Hardware,450.0,7,146,Belo Horizonte,MG,3150.0
1208,2025-09-24 10:00:00,Monitor Ultrawide,Eletrônicos,2800.0,1,130,Boa Vista,RR,2800.0
1209,2025-09-24 08:00:00,Notebook Ultrafino,Eletrônicos,5200.0,5,148,Maceió,AL,26000.0
1210,2025-09-25 00:00:00,Headset 7.1,Acessórios,800.0,3,147,Belém,PA,2400.0
1211,2025-09-25 05:00:00,Dock Station USB-C,Acessórios,500.0,3,115,Cuiabá,MT,1500.0
1212,2025-09-25 16:00:00,Cadeira Gamer,Móveis,1200.0,5,148,Porto Alegre,RS,6000.0
1213,2025-09-25 12:00:00,Monitor Ultrawide,Eletrônicos,2800.0,3,113,Cuiabá,MT,8400.0
1214,2025-09-25 00:00:00,Cadeira Gamer,Móveis,1200.0,6,106,João Pessoa,PB,7200.0
1215,2025-09-26 16:00:00,Caixa de Som Bluetooth,Acessórios,350.0,1,104,Aracaju,SE,350.0
1216,2025-09-26 01:00:00,Monitor Ultrawide,Eletrônicos,2800.0,5,133,Maceió,AL,14000.0
1217,2025-09-26 02:00:00,Teclado Mecânico,Acessórios,523.83,6,116,Curitiba,PR,3142.9800000000005
1218,2025-09-26 00:00:00,Laptop Gamer,Eletrônicos,7500.0,2,148,Florianópolis,SC,15000.0
1219,2025-09-26 17:00:00,Roteador Wi-Fi 6,Hardware,650.0,6,120,Salvador,BA,3900.0
1220,2025-09-27 01:00:00,SSD 1TB,Hardware,600.0,6,107,Maceió,AL,3600.0
1221,2025-09-27 05:00:00,Headset 7.1,Acessórios,800.0,2,125,Vitória,ES,1600.0
1222,2025-09-27 16:00:00,Notebook Ultrafino,Eletrônicos,5200.0,6,144,Campo Grande,MS,31200.0
1223,2025-09-27 14:00:00,Mouse Vertical,Acessórios,243.52,7,120,Rio Branco,AC,1704.64
1224,2025-09-27 01:00:00,Fonte 750W,Hardware,550.0,5,148,Manaus,AM,2750.0
1225,2025-09-28 23:00:00,Webcam Full HD,Acessórios,300.0,7,133,Boa Vista,RR,2100.0
1226,2025-09-28 18:00:00,Impressora Multifuncional,Eletrônicos,900.0,3,137,Campo Grande,MS,2700.0
1227,2025-09-28 11:00:00,HD Externo 2TB,Hardware,450.0,4,129,Porto Velho,RO,1800.0
1228,2025-09-28 21:00:00,Mesa Escritório,Móveis,700.0,5,113,Rio Branco,AC,3500.0
1229,2025-09-28 17:00:00,Roteador Wi-Fi 6,Hardware,650.0,4,115,Vitória,ES,2600.0
1230,2025-09-29 04:00:00,Impressora Multifuncional,Eletrônicos,900.0,1,115,Belo Horizonte,MG,900.0
1231,2025-09-29 02:00:00,Notebook Ultrafino,Eletrônicos,5200.0,7,143,Goiânia,GO,36400.0
1232,2025-09-29 19:00:00,Laptop Gamer,Eletrônicos,7500.0,1,123,Brasília,DF,7500.0
1233,2025-09-29 01:00:00,SSD 1TB,Hardware,600.0,3,143,Manaus,AM,1800.0
1234,2025-09-29 04:00:00,Webcam Full HD,Acessórios,300.0,3,139,Palmas,TO,900.0
1235,2025-09-30 21:00:00,HD Externo 2TB,Hardware,450.0,5,134,São Paulo,SP,2250.0
1236,2025-09-30 16:00:00,Mouse Vertical,Acessórios,248.68,5,134,Fortaleza,CE,1243.4
1237,2025-09-30 20:00:00,Monitor Ultrawide,Eletrônicos,2800.0,7,137,Porto Velho,RO,19600.0
1238,2025-09-30 11:00:00,SSD 1TB,Hardware,600.0,2,107,Salvador,BA,1200.0
1239,2025-09-30 11:00:00,Roteador Wi-Fi 6,Hardware,650.0,1,137,Recife,PE,650.0
1240,2025-10-01 02:00:00,Mouse Vertical,Acessórios,230.76,1,107,São Paulo,SP,230.76
1241,2025-10-01 03:00:00,SSD 1TB,Hardware,600.0,4,102,Manaus,AM,2400.0
1242,2025-10-01 23:00:00,SSD 1TB,Hardware,600.0,5,142,São Luís,MA,3000.0
1243,2025-10-01 19:00:00,Mouse Vertical,Acessórios,231.25,1,113,Porto Velho,RO,231.25
1244,2025-10-01 22:00:00,Teclado Mecânico,Acessórios,535.56,5,128,Belém,PA,2677.7999999999997
1245,2025-10-02 05:00:00,Smartphone Premium,Eletrônicos,4200.0,3,130,Teresina,PI,12600.0
1246,2025-10-02 16:00:00,Laptop Gamer,Eletrônicos,7500.0,4,115,Natal,RN,30000.0
1247,2025-10-02 13:00:00,Dock Station USB-C,Acessórios,500.0,4,132,Palmas,TO,2000.0
1248,2025-10-02 12:00:00,Laptop Gamer,Eletrônicos,7500.0,1,111,Fortaleza,CE,7500.0
1249,2025-10-02 17:00:00,Fonte 750W,Hardware,550.0,3,143,Macapá,AP,1650.0
1250,2025-10-03 13:00:00,Cadeira Gamer,Móveis,1200.0,1,138,Fortaleza,CE,1200.0
1251,2025-10-03 11:00:00,Roteador Wi-Fi 6,Hardware,650.0,5,140,Florianópolis,SC,3250.0
1252,2025-10-03 01:00:00,Fonte 750W,Hardware,550.0,4,127,Belo Horizonte,MG,2200.0
1253,2025-10-03 18:00:00,Headset 7.1,Acessórios,800.0,1,117,Manaus,AM,800.0
1254,2025-10-03 17:00:00,Teclado Mecânico,Acessórios,535.88,3,134,Maceió,AL,1607.6399999999999
1255,2025-10-04 14:00:00,Notebook Ultrafino,Eletrônicos,5200.0,3,109,Salvador,BA,15600.0
1256,2025-10-04 03:00:00,Monitor Ultrawide,Eletrônicos,2800.0,1,135,Macapá,AP,2800.0
1257,2025-10-04 17:00:00,Placa de Vídeo,Hardware,4500.0,2,141,Salvador,BA,9000.0
1258,2025-10-04 17:00:00,HD Externo 2TB,Hardware,450.0,7,114,Teresina,PI,3150.0
1259,2025-10-04 16:00:00,Mesa Escritório,Móveis,700.0,3,112,Fortaleza,CE,2100.0
1260,2025-10-05 19:00:00,Teclado Mecânico,Acessórios,521.64,7,144,Fortaleza,CE,3651.48
1261,2025-10-05 04:00:00,Monitor Ultrawide,Eletrônicos,2800.0,4,146,Porto Alegre,RS,11200.0
1262,2025-10-05 22:00:00,Mesa Escritório,Móveis,700.0,4,118,Cuiabá,MT,2800.0
1263,2025-10-05 04:00:00,Teclado Mecânico,Acessórios,496.29,2,124,Salvador,BA,992.58
1264,2025-10-05 13:00:00,HD Externo 2TB,Hardware,450.0,4,141,Teresina,PI,1800.0
1265,2025-10-06 23:00:00,Impressora Multifuncional,Eletrônicos,900.0,2,112,João Pessoa,PB,1800.0
1266,2025-10-06 08:00:00,SSD 1TB,Hardware,600.0,4,147,João Pessoa,PB,2400.0
1267,2025-10-06 05:00:00,Placa de Vídeo,Hardware,4500.0,7,135,Cuiabá,MT,31500.0
1268,2025-10-06 07:00:00,Smartphone Premium,Eletrônicos,4200.0,1,130,Boa Vista,RR,4200.0
1269,2025-10-06 10:00:00,HD Externo 2TB,Hardware,450.0,6,143,Rio de Janeiro,RJ,2700.0
1270,2025-10-07 11:00:00,Webcam Full HD,Acessórios,300.0,4,134,São Luís,MA,1200.0
1271,2025-10-07 23:00:00,HD Externo 2TB,Hardware,450.0,7,123,Recife,PE,3150.0
1272,2025-10-07 15:00:00,Notebook Ultrafino,Eletrônicos,5200.0,2,113,Brasília,DF,10400.0
1273,2025-10-07 17:00:00,Placa de Vídeo,Hardware,4500.0,6,149,Fortaleza,CE,27000.0
1274,2025-10-07 08:00:00,Notebook Ultrafino,Eletrônicos,5200.0,2,102,Boa Vista,RR,10400.0
1275,2025-10-08 15:00:00,HD Externo 2TB,Hardware,450.0,5,102,Vitória,ES,2250.0
1276,2025-10-08 22:00:00,Placa de Vídeo,Hardware,4500.0,4,102,Aracaju,SE,18000.0
1277,2025-10-08 05:00:00,Impressora Multifuncional,Eletrônicos,900.0,4,123,Recife,PE,3600.0
1278,2025-10-08 12:00:00,Fonte 750W,Hardware,550.0,3,110,Brasília,DF,1650.0
1279,2025-10-08 21:00:00,SSD 1TB,Hardware,600.0,4,108,Teresina,PI,2400.0
1280,2025-10-09 16:00:00,Smartphone Premium,Eletrônicos,4200.0,6,112,Vitória,ES,25200.0
1281,2025-10-09 17:00:00,Caixa de Som Bluetooth,Acessórios,350.0,7,146,Curitiba,PR,2450.0
1282,2025-10-09 14:00:00,Caixa de Som Bluetooth,Acessórios,350.0,7,116,Rio Branco,AC,2450.0
1283,2025-10-09 10:00:00,Roteador Wi-Fi 6,Hardware,650.0,1,120,Cuiabá,MT,650.0
1284,2025-10-09 08:00:00,Caixa de Som Bluetooth,Acessórios,350.0,5,146,São Paulo,SP,1750.0
1285,2025-10-10 06:00:00,Caixa de Som Bluetooth,Acessórios,350.0,4,144,Florianópolis,SC,1400.0
1286,2025-10-10 04:00:00,Notebook Ultrafino,Eletrônicos,5200.0,7,126,Florianópolis,SC,36400.0
1287,2025-10-10 17:00:00,Webcam Full HD,Acessórios,300.0,1,138,Cuiabá,MT,300.0
1288,2025-10-10 22:00:00,Cadeira Gamer,Móveis,1200.0,7,124,Fortaleza,CE,8400.0
1289,2025-10-10 08:00:00,Monitor Ultrawide,Eletrônicos,2800.0,6,131,Goiânia,GO,16800.0
1290,2025-10-11 00:00:00,Notebook Ultrafino,Eletrônicos,5200.0,4,121,Cuiabá,MT,20800.0
1291,2025-10-11 03:00:00,Notebook Ultrafino,Eletrônicos,5200.0,5,139,Porto Alegre,RS,26000.0
1292,2025-10-11 23:00:00,Fonte 750W,Hardware,550.0,6,140,São Paulo,SP,3300.0
1293,2025-10-11 22:00:00,Smartphone Premium,Eletrônicos,4200.0,3,121,São Luís,MA,12600.0
1294,2025-10-11 04:00:00,Headset 7.1,Acessórios,800.0,5,139,Recife,PE,4000.0
1295,2025-10-12 02:00:00,Webcam Full HD,Acessórios,300.0,2,144,São Luís,MA,600.0
1296,2025-10-12 19:00:00,Placa de Vídeo,Hardware,4500.0,1,139,Aracaju,SE,4500.0
1297,2025-10-12 23:00:00,Laptop Gamer,Eletrônicos,7500.0,4,134,Vitória,ES,30000.0
1298,2025-10-12 01:00:00,HD Externo 2TB,Hardware,450.0,6,136,São Paulo,SP,2700.0
1299,2025-10-12 02:00:00,Laptop Gamer,Eletrônicos,7500.0,7,147,Teresina,PI,52500.0
1300,2025-10-13 01:00:00,Dock Station USB-C,Acessórios,500.0,2,106,São Paulo,SP,1000.0
1301,2025-10-13 00:00:00,Mouse Vertical,Acessórios,240.71,4,133,Aracaju,SE,962.84
1302,2025-10-13 07:00:00,Webcam Full HD,Acessórios,300.0,2,114,Florianópolis,SC,600.0
1303,2025-10-13 02:00:00,Cadeira Gamer,Móveis,1200.0,3,148,Rio de Janeiro,RJ,3600.0
1304,2025-10-13 06:00:00,Impressora Multifuncional,Eletrônicos,900.0,4,140,Belo Horizonte,MG,3600.0
1305,2025-10-14 16:00:00,Cadeira Gamer,Móveis,1200.0,4,139,Porto Alegre,RS,4800.0
1306,2025-10-14 16:00:00,Fonte 750W,Hardware,550.0,7,125,Natal,RN,3850.0
1307,2025-10-14 10:00:00,Mesa Escritório,Móveis,700.0,2,127,Florianópolis,SC,1400.0
1308,2025-10-14 10:00:00,Headset 7.1,Acessórios,800.0,1,134,Campo Grande,MS,800.0
1309,2025-10-14 19:00:00,Webcam Full HD,Acessórios,300.0,4,111,Maceió,AL,1200.0
1310,2025-10-15 04:00:00,Headset 7.1,Acessórios,800.0,5,110,Palmas,TO,4000.0
1311,2025-10-15 12:00:00,Dock Station USB-C,Acessórios,500.0,6,121,Aracaju,SE,3000.0
1312,2025-10-15 18:00:00,Cadeira Gamer,Móveis,1200.0,2,132,Rio de Janeiro,RJ,2400.0
1313,2025-10-15 07:00:00,Monitor Ultrawide,Eletrônicos,2800.0,6,147,Fortaleza,CE,16800.0
1314,2025-10-15 11:00:00,Placa de Vídeo,Hardware,4500.0,1,148,Natal,RN,4500.0
1315,2025-10-16 17:00:00,Notebook Ultrafino,Eletrônicos,5200.0,1,137,Brasília,DF,5200.0
1316,2025-10-16 01:00:00,Teclado Mecânico,Acessórios,533.74,2,109,Vitória,ES,1067.48
1317,2025-10-16 23:00:00,Monitor Ultrawide,Eletrônicos,2800.0,2,129,Belém,PA,5600.0
1318,2025-10-16 22:00:00,Monitor Ultrawide,Eletrônicos,2800.0,3,110,João Pessoa,PB,8400.0
1319,2025-10-16 04:00:00,Dock Station USB-C,Acessórios,500.0,2,104,Macapá,AP,1000.0
1320,2025-10-17 09:00:00,Caixa de Som Bluetooth,Acessórios,350.0,7,112,Macapá,AP,2450.0
1321,2025-10-17 08:00:00,Mesa Escritório,Móveis,700.0,4,123,Curitiba,PR,2800.0
1322,2025-10-17 04:00:00,Laptop Gamer,Eletrônicos,7500.0,6,107,Natal,RN,45000.0
1323,2025-10-17 09:00:00,Headset 7.1,Acessórios,800.0,5,138,Salvador,BA,4000.0
1324,2025-10-17 17:00:00,Dock Station USB-C,Acessórios,500.0,7,129,Belém,PA,3500.0
1325,2025-10-18 14:00:00,Monitor Ultrawide,Eletrônicos,2800.0,5,116,Cuiabá,MT,14000.0
1326,2025-10-18 11:00:00,Fonte 750W,Hardware,550.0,6,108,Teresina,PI,3300.0
1327,2025-10-18 00:00:00,Roteador Wi-Fi 6,Hardware,650.0,5,123,Goiânia,GO,3250.0
1328,2025-10-18 10:00:00,Fonte 750W,Hardware,550.0,7,123,Rio Branco,AC,3850.0
1329,2025-10-18 23:00:00,Laptop Gamer,Eletrônicos,7500.0,4,142,Curitiba,PR,30000.0
1330,2025-10-19 07:00:00,HD Externo 2TB,Hardware,450.0,7,113,Goiânia,GO,3150.0
1331,2025-10-19 16:00:00,HD Externo 2TB,Hardware,450.0,6,120,Salvador,BA,2700.0
1332,2025-10-19 07:00:00,Webcam Full HD,Acessórios,300.0,1,116,São Luís,MA,300.0
1333,2025-10-19 01:00:00,Roteador Wi-Fi 6,Hardware,650.0,4,123,Teresina,PI,2600.0
1334,2025-10-19 05:00:00,Dock Station USB-C,Acessórios,500.0,7,137,Florianópolis,SC,3500.0
1335,2025-10-20 02:00:00,Mouse Vertical,Acessórios,243.79,7,112,Fortaleza,CE,1706.53
1336,2025-10-20 14:00:00,Laptop Gamer,Eletrônicos,7500.0,7,124,Curitiba,PR,52500.0
1337,2025-10-20 00:00:00,Mesa Escritório,Móveis,700.0,1,139,Palmas,TO,700.0
1338,2025-10-20 01:00:00,Roteador Wi-Fi 6,Hardware,650.0,7,132,Porto Alegre,RS,4550.0
1339,2025-10-20 04:00:00,HD Externo 2TB,Hardware,450.0,3,122,João Pessoa,PB,1350.0
1340,2025-10-21 03:00:00,Roteador Wi-Fi 6,Hardware,650.0,3,127,Brasília,DF,1950.0
1341,2025-10-21 19:00:00,Placa de Vídeo,Hardware,4500.0,6,133,Teresina,PI,27000.0
1342,2025-10-21 12:00:00,Mesa Escritório,Móveis,700.0,5,146,Florianópolis,SC,3500.0
1343,2025-10-21 12:00:00,Fonte 750W,Hardware,550.0,6,113,Rio Branco,AC,3300.0
1344,2025-10-21 16:00:00,Mouse Vertical,Acessórios,230.86,1,107,Brasília,DF,230.86
1345,2025-10-22 00:00:00,Caixa de Som Bluetooth,Acessórios,350.0,5,124,Campo Grande,MS,1750.0
1346,2025-10-22 15:00:00,Cadeira Gamer,Móveis,1200.0,3,142,Natal,RN,3600.0
1347,2025-10-22 16:00:00,SSD 1TB,Hardware,600.0,5,117,João Pessoa,PB,3000.0
1348,2025-10-22 19:00:00,Roteador Wi-Fi 6,Hardware,650.0,3,145,Boa Vista,RR,1950.0
1349,2025-10-22 12:00:00,Roteador Wi-Fi 6,Hardware,650.0,4,146,Cuiabá,MT,2600.0
1350,2025-10-23 07:00:00,Teclado Mecânico,Acessórios,509.74,5,120,São Luís,MA,2548.7
1351,2025-10-23 04:00:00,Notebook Ultrafino,Eletrônicos,5200.0,4,121,Boa Vista,RR,20800.0
1352,2025-10-23 01:00:00,Smartphone Premium,Eletrônicos,4200.0,6,142,Aracaju,SE,25200.0
1353,2025-10-23 04:00:00,Monitor Ultrawide,Eletrônicos,2800.0,1,111,Florianópolis,SC,2800.0
1354,2025-10-23 22:00:00,Roteador Wi-Fi 6,Hardware,650.0,6,121,Fortaleza,CE,3900.0
1355,2025-10-24 15:00:00,HD Externo 2TB,Hardware,450.0,3,141,Recife,PE,1350.0
1356,2025-10-24 13:00:00,Impressora Multifuncional,Eletrônicos,900.0,1,139,Curitiba,PR,900.0
1357,2025-10-24 23:00:00,Webcam Full HD,Acessórios,300.0,5,141,Cuiabá,MT,1500.0
1358,2025-10-24 14:00:00,Monitor Ultrawide,Eletrônicos,2800.0,1,135,Salvador,BA,2800.0
1359,2025-10-24 01:00:00,Webcam Full HD,Acessórios,300.0,2,148,Brasília,DF,600.0
1360,2025-10-25 15:00:00,Caixa de Som Bluetooth,Acessórios,350.0,3,110,Aracaju,SE,1050.0
1361,2025-10-25 12:00:00,Caixa de Som Bluetooth,Acessórios,350.0,2,132,Teresina,PI,700.0
1362,2025-10-25 18:00:00,Monitor Ultrawide,Eletrônicos,2800.0,1,119,São Paulo,SP,2800.0
1363,2025-10-25 20:00:00,Impressora Multifuncional,Eletrônicos,900.0,6,118,Rio Branco,AC,5400.0
1364,2025-10-25 02:00:00,Notebook Ultrafino,Eletrônicos,5200.0,6,145,Rio de Janeiro,RJ,31200.0
1365,2025-10-26 04:00:00,Webcam Full HD,Acessórios,300.0,3,128,Natal,RN,900.0
1366,2025-10-26 13:00:00,Roteador Wi-Fi 6,Hardware,650.0,1,149,Rio Branco,AC,650.0
1367,2025-10-26 08:00:00,Teclado Mecânico,Acessórios,501.12,7,112,Maceió,AL,3507.84
1368,2025-10-26 02:00:00,Mouse Vertical,Acessórios,233.29,1,112,Campo Grande,MS,233.29
1369,2025-10-26 20:00:00,Mesa Escritório,Móveis,700.0,5,107,Palmas,TO,3500.0
1370,2025-10-27 17:00:00,Cadeira Gamer,Móveis,1200.0,2,137,Belo Horizonte,MG,2400.0
1371,2025-10-27 15:00:00,Mouse Vertical,Acessórios,243.94,7,138,Porto Velho,RO,1707.58
1372,2025-10-27 16:00:00,Webcam Full HD,Acessórios,300.0,6,110,Palmas,TO,1800.0
1373,2025-10-27 02:00:00,Roteador Wi-Fi 6,Hardware,650.0,7,111,Belo Horizonte,MG,4550.0
1374,2025-10-27 09:00:00,Mouse Vertical,Acessórios,242.54,6,139,Manaus,AM,1455.24
1375,2025-10-28 03:00:00,Dock Station USB-C,Acessórios,500.0,7,142,Maceió,AL,3500.0
1376,2025-10-28 01:00:00,Placa de Vídeo,Hardware,4500.0,4,143,Rio de Janeiro,RJ,18000.0
1377,2025-10-28 16:00:00,Webcam Full HD,Acessórios,300.0,1,139,São Luís,MA,300.0
1378,2025-10-28 23:00:00,Smartphone Premium,Eletrônicos,4200.0,1,129,Brasília,DF,4200.0
1379,2025-10-28 00:00:00,Impressora Multifuncional,Eletrônicos,900.0,7,114,Teresina,PI,6300.0
1380,2025-10-29 19:00:00,Teclado Mecânico,Acessórios,527.14,3,141,Campo Grande,MS,1581.42
1381,2025-10-29 13:00:00,Mouse Vertical,Acessórios,230.93,6,103,Teresina,PI,1385.58
1382,2025-10-29 23:00:00,Dock Station USB-C,Acessórios,500.0,3,128,Rio de Janeiro,RJ,1500.0
1383,2025-10-29 05:00:00,Headset 7.1,Acessórios,800.0,3,121,Vitória,ES,2400.0
1384,2025-10-29 23:00:00,Fonte 750W,Hardware,550.0,3,108,Recife,PE,1650.0
1385,2025-10-30 12:00:00,Cadeira Gamer,Móveis,1200.0,6,134,Natal,RN,7200.0
1386,2025-10-30 12:00:00,Webcam Full HD,Acessórios,300.0,5,132,Vitória,ES,1500.0
1387,2025-10-30 09:00:00,Laptop Gamer,Eletrônicos,7500.0,1,124,Campo Grande,MS,7500.0
1388,2025-10-30 13:00:00,Teclado Mecânico,Acessórios,531.56,3,104,Goiânia,GO,1594.6799999999998
1389,2025-10-30 20:00:00,Monitor Ultrawide,Eletrônicos,2800.0,5,128,Palmas,TO,14000.0
1390,2025-10-31 11:00:00,Mesa Escritório,Móveis,700.0,6,119,Recife,PE,4200.0
1391,2025-10-31 13:00:00,Mesa Escritório,Móveis,700.0,2,139,Teresina,PI,1400.0
1392,2025-10-31 13:00:00,Webcam Full HD,Acessórios,300.0,1,107,Teresina,PI,300.0
1393,2025-10-31 10:00:00,Smartphone Premium,Eletrônicos,4200.0,2,135,Belo Horizonte,MG,8400.0
1394,2025-10-31 23:00:00,Monitor Ultrawide,Eletrônicos,2800.0,6,143,Campo Grande,MS,16800.0
1395,2025-11-01 23:00:00,Impressora Multifuncional,Eletrônicos,900.0,7,148,Porto Alegre,RS,6300.0
1396,2025-11-01 23:00:00,Cadeira Gamer,Móveis,1200.0,2,119,Porto Velho,RO,2400.0
1397,2025-11-01 05:00:00,Cadeira Gamer,Móveis,1200.0,2,132,Rio Branco,AC,2400.0
1398,2025-11-01 11:00:00,Headset 7.1,Acessórios,800.0,6,112,Fortaleza,CE,4800.0
1399,2025-11-01 03:00:00,SSD 1TB,Hardware,600.0,1,141,São Luís,MA,600.0
1400,2025-11-02 21:00:00,Cadeira Gamer,Móveis,1200.0,3,104,Goiânia,GO,3600.0
1401,2025-11-02 01:00:00,HD Externo 2TB,Hardware,450.0,1,112,Rio de Janeiro,RJ,450.0
1402,2025-11-02 03:00:00,Mouse Vertical,Acessórios,226.52,6,106,Vitória,ES,1359.1200000000001
1403,2025-11-02 18:00:00,Headset 7.1,Acessórios,800.0,7,104,Natal,RN,5600.0
1404,2025-11-02 13:00:00,Notebook Ultrafino,Eletrônicos,5200.0,1,108,Fortaleza,CE,5200.0
1405,2025-11-03 19:00:00,Impressora Multifuncional,Eletrônicos,900.0,2,144,Palmas,TO,1800.0
1406,2025-11-03 06:00:00,Laptop Gamer,Eletrônicos,7500.0,1,116,Boa Vista,RR,7500.0
1407,2025-11-03 14:00:00,Roteador Wi-Fi 6,Hardware,650.0,7,111,Cuiabá,MT,4550.0
1408,2025-11-03 22:00:00,Fonte 750W,Hardware,550.0,1,148,Salvador,BA,550.0
1409,2025-11-03 18:00:00,Caixa de Som Bluetooth,Acessórios,350.0,2,119,Salvador,BA,700.0
1410,2025-11-04 17:00:00,Dock Station USB-C,Acessórios,500.0,3,130,Brasília,DF,1500.0
1411,2025-11-04 18:00:00,Headset 7.1,Acessórios,800.0,2,123,Teresina,PI,1600.0
1412,2025-11-04 09:00:00,Caixa de Som Bluetooth,Acessórios,350.0,5,134,Rio Branco,AC,1750.0
1413,2025-11-04 02:00:00,Placa de Vídeo,Hardware,4500.0,4,104,São Paulo,SP,18000.0
1414,2025-11-04 06:00:00,Mesa Escritório,Móveis,700.0,6,147,Porto Velho,RO,4200.0
1415,2025-11-05 01:00:00,Mouse Vertical,Acessórios,227.8,3,147,Manaus,AM,683.4000000000001
1416,2025-11-05 07:00:00,Dock Station USB-C,Acessórios,500.0,7,133,Rio de Janeiro,RJ,3500.0
1417,2025-11-05 05:00:00,Impressora Multifuncional,Eletrônicos,900.0,2,130,Belo Horizonte,MG,1800.0
1418,2025-11-05 20:00:00,Notebook Ultrafino,Eletrônicos,5200.0,6,108,Campo Grande,MS,31200.0
1419,2025-11-05 23:00:00,Notebook Ultrafino,Eletrônicos,5200.0,2,119,Aracaju,SE,10400.0
1420,2025-11-06 07:00:00,Caixa de Som Bluetooth,Acessórios,350.0,2,144,Boa Vista,RR,700.0
1421,2025-11-06 02:00:00,Headset 7.1,Acessórios,800.0,5,129,Aracaju,SE,4000.0
1422,2025-11-06 20:00:00,Caixa de Som Bluetooth,Acessórios,350.0,2,135,Aracaju,SE,700.0
1423,2025-11-06 05:00:00,SSD 1TB,Hardware,600.0,6,147,Palmas,TO,3600.0
1424,2025-11-06 19:00:00,Notebook Ultrafino,Eletrônicos,5200.0,1,146,Porto Alegre,RS,5200.0
1425,2025-11-07 21:00:00,Mesa Escritório,Móveis,700.0,7,120,São Luís,MA,4900.0
1426,2025-11-07 00:00:00,Teclado Mecânico,Acessórios,509.65,5,114,Manaus,AM,2548.25
1427,2025-11-07 03:00:00,Impressora Multifuncional,Eletrônicos,900.0,3,117,São Luís,MA,2700.0
1428,2025-11-07 22:00:00,Roteador Wi-Fi 6,Hardware,650.0,4,122,Goiânia,GO,2600.0
1429,2025-11-07 14:00:00,Mouse Vertical,Acessórios,249.5,3,101,São Paulo,SP,748.5
1430,2025-11-08 13:00:00,Fonte 750W,Hardware,550.0,7,112,Campo Grande,MS,3850.0
1431,2025-11-08 10:00:00,Fonte 750W,Hardware,550.0,3,135,Fortaleza,CE,1650.0
1432,2025-11-08 03:00:00,Placa de Vídeo,Hardware,4500.0,4,125,Belo Horizonte,MG,18000.0
1433,2025-11-08 01:00:00,Notebook Ultrafino,Eletrônicos,5200.0,6,107,Recife,PE,31200.0
1434,2025-11-08 06:00:00,Dock Station USB-C,Acessórios,500.0,5,101,Curitiba,PR,2500.0
1435,2025-11-09 00:00:00,Dock Station USB-C,Acessórios,500.0,1,127,João Pessoa,PB,500.0
1436,2025-11-09 21:00:00,Webcam Full HD,Acessórios,300.0,6,117,Teresina,PI,1800.0
1437,2025-11-09 01:00:00,Webcam Full HD,Acessórios,300.0,2,141,Belém,PA,600.0
1438,2025-11-09 21:00:00,Fonte 750W,Hardware,550.0,7,105,Natal,RN,3850.0
1439,2025-11-09 15:00:00,Mesa Escritório,Móveis,700.0,7,116,Vitória,ES,4900.0
1440,2025-11-10 03:00:00,Caixa de Som Bluetooth,Acessórios,350.0,7,147,Boa Vista,RR,2450.0
1441,2025-11-10 09:00:00,Mesa Escritório,Móveis,700.0,1,133,São Luís,MA,700.0
1442,2025-11-10 23:00:00,HD Externo 2TB,Hardware,450.0,4,113,Campo Grande,MS,1800.0
1443,2025-11-10 01:00:00,Monitor Ultrawide,Eletrônicos,2800.0,2,144,Natal,RN,5600.0
1444,2025-11-10 15:00:00,Cadeira Gamer,Móveis,1200.0,6,135,Macapá,AP,7200.0
1445,2025-11-11 18:00:00,SSD 1TB,Hardware,600.0,3,142,Recife,PE,1800.0
1446,2025-11-11 20:00:00,Teclado Mecânico,Acessórios,517.61,5,118,Macapá,AP,2588.05
1447,2025-11-11 05:00:00,Laptop Gamer,Eletrônicos,7500.0,3,144,João Pessoa,PB,22500.0
1448,2025-11-11 05:00:00,Headset 7.1,Acessórios,800.0,4,100,Goiânia,GO,3200.0
1449,2025-11-11 17:00:00,Notebook Ultrafino,Eletrônicos,5200.0,7,139,Recife,PE,36400.0
1450,2025-11-12 17:00:00,Notebook Ultrafino,Eletrônicos,5200.0,6,138,São Luís,MA,31200.0
1451,2025-11-12 07:00:00,Smartphone Premium,Eletrônicos,4200.0,7,106,Campo Grande,MS,29400.0
1452,2025-11-12 12:00:00,Fonte 750W,Hardware,550.0,5,130,Manaus,AM,2750.0
1453,2025-11-12 23:00:00,Mesa Escritório,Móveis,700.0,6,116,Florianópolis,SC,4200.0
1454,2025-11-12 17:00:00,Smartphone Premium,Eletrônicos,4200.0,4,111,São Paulo,SP,16800.0
1455,2025-11-13 12:00:00,Headset 7.1,Acessórios,800.0,6,149,Goiânia,GO,4800.0
1456,2025-11-13 10:00:00,Fonte 750W,Hardware,550.0,6,120,Goiânia,GO,3300.0
1457,2025-11-13 17:00:00,Roteador Wi-Fi 6,Hardware,650.0,1,100,Macapá,AP,650.0
1458,2025-11-13 06:00:00,Laptop Gamer,Eletrônicos,7500.0,7,108,Porto Velho,RO,52500.0
1459,2025-11-13 16:00:00,Roteador Wi-Fi 6,Hardware,650.0,5,110,Macapá,AP,3250.0
1460,2025-11-14 22:00:00,Cadeira Gamer,Móveis,1200.0,6,141,Macapá,AP,7200.0
1461,2025-11-14 03:00:00,Caixa de Som Bluetooth,Acessórios,350.0,3,121,Goiânia,GO,1050.0
1462,2025-11-14 02:00:00,Impressora Multifuncional,Eletrônicos,900.0,2,127,Recife,PE,1800.0
1463,2025-11-14 00:00:00,Placa de Vídeo,Hardware,4500.0,4,111,Belo Horizonte,MG,18000.0
1464,2025-11-14 21:00:00,Dock Station USB-C,Acessórios,500.0,3,142,Salvador,BA,1500.0
1465,2025-11-15 08:00:00,Mouse Vertical,Acessórios,236.6,5,113,Rio de Janeiro,RJ,1183.0
1466,2025-11-15 07:00:00,Notebook Ultrafino,Eletrônicos,5200.0,1,139,São Luís,MA,5200.0
1467,2025-11-15 20:00:00,Notebook Ultrafino,Eletrônicos,5200.0,4,136,Natal,RN,20800.0
1468,2025-11-15 13:00:00,Smartphone Premium,Eletrônicos,4200.0,7,147,Porto Velho,RO,29400.0
1469,2025-11-15 23:00:00,Caixa de Som Bluetooth,Acessórios,350.0,7,147,Fortaleza,CE,2450.0
1470,2025-11-16 02:00:00,Headset 7.1,Acessórios,800.0,5,117,Porto Alegre,RS,4000.0
1471,2025-11-16 02:00:00,Cadeira Gamer,Móveis,1200.0,5,100,Fortaleza,CE,6000.0
1472,2025-11-16 03:00:00,Teclado Mecânico,Acessórios,540.11,4,134,São Paulo,SP,2160.44
1473,2025-11-16 23:00:00,Cadeira Gamer,Móveis,1200.0,6,130,Curitiba,PR,7200.0
1474,2025-11-16 07:00:00,Caixa de Som Bluetooth,Acessórios,350.0,3,105,Porto Alegre,RS,1050.0
1475,2025-11-17 23:00:00,Headset 7.1,Acessórios,800.0,3,107,Boa Vista,RR,2400.0
1476,2025-11-17 23:00:00,Dock Station USB-C,Acessórios,500.0,2,137,Rio Branco,AC,1000.0
1477,2025-11-17 17:00:00,Cadeira Gamer,Móveis,1200.0,4,122,Natal,RN,4800.0
1478,2025-11-17 14:00:00,Notebook Ultrafino,Eletrônicos,5200.0,6,109,Porto Alegre,RS,31200.0
1479,2025-11-17 09:00:00,Mouse Vertical,Acessórios,238.44,2,117,Fortaleza,CE,476.88
1480,2025-11-18 10:00:00,Notebook Ultrafino,Eletrônicos,5200.0,4,117,São Paulo,SP,20800.0
1481,2025-11-18 18:00:00,Caixa de Som Bluetooth,Acessórios,350.0,3,127,Campo Grande,MS,1050.0
1482,2025-11-18 15:00:00,Placa de Vídeo,Hardware,4500.0,1,124,Aracaju,SE,4500.0
1483,2025-11-18 09:00:00,Impressora Multifuncional,Eletrônicos,900.0,5,106,Palmas,TO,4500.0
1484,2025-11-18 04:00:00,Smartphone Premium,Eletrônicos,4200.0,7,120,Teresina,PI,29400.0
1485,2025-11-19 12:00:00,Impressora Multifuncional,Eletrônicos,900.0,6,133,Cuiabá,MT,5400.0
1486,2025-11-19 12:00:00,Roteador Wi-Fi 6,Hardware,650.0,2,137,Fortaleza,CE,1300.0
1487,2025-11-19 16:00:00,Notebook Ultrafino,Eletrônicos,5200.0,3,108,São Paulo,SP,15600.0
1488,2025-11-19 17:00:00,Headset 7.1,Acessórios,800.0,5,138,Salvador,BA,4000.0
1489,2025-11-19 14:00:00,Dock Station USB-C,Acessórios,500.0,5,106,Teresina,PI,2500.0
1490,2025-11-20 04:00:00,Teclado Mecânico,Acessórios,544.99,3,130,Rio Branco,AC,1634.97
1491,2025-11-20 22:00:00,Placa de Vídeo,Hardware,4500.0,5,117,João Pessoa,PB,22500.0
1492,2025-11-20 13:00:00,Mesa Escritório,Móveis,700.0,4,121,Recife,PE,2800.0
1493,2025-11-20 07:00:00,Cadeira Gamer,Móveis,1200.0,2,127,Vitória,ES,2400.0
1494,2025-11-20 23:00:00,Impressora Multifuncional,Eletrônicos,900.0,6,113,Natal,RN,5400.0
1495,2025-11-21 11:00:00,Mesa Escritório,Móveis,700.0,5,143,Palmas,TO,3500.0
1496,2025-11-21 00:00:00,Caixa de Som Bluetooth,Acessórios,350.0,7,113,Manaus,AM,2450.0
1497,2025-11-21 04:00:00,HD Externo 2TB,Hardware,450.0,1,131,Recife,PE,450.0
1498,2025-11-21 09:00:00,Mesa Escritório,Móveis,700.0,7,144,Curitiba,PR,4900.0
1499,2025-11-21 23:00:00,Mesa Escritório,Móveis,700.0,5,108,Natal,RN,3500.0
1500,2025-11-22 18:00:00,Headset 7.1,Acessórios,800.0,6,131,Macapá,AP,4800.0
1501,2025-11-22 10:00:00,Impressora Multifuncional,Eletrônicos,900.0,6,111,Brasília,DF,5400.0
1502,2025-11-22 03:00:00,Cadeira Gamer,Móveis,1200.0,5,127,Brasília,DF,6000.0
1503,2025-11-22 00:00:00,Notebook Ultrafino,Eletrônicos,5200.0,7,148,Macapá,AP,36400.0
1504,2025-11-22 18:00:00,Smartphone Premium,Eletrônicos,4200.0,7,127,Vitória,ES,29400.0
1505,2025-11-23 20:00:00,Webcam Full HD,Acessórios,300.0,2,140,Maceió,AL,600.0
1506,2025-11-23 07:00:00,Headset 7.1,Acessórios,800.0,7,121,Rio Branco,AC,5600.0
1507,2025-11-23 21:00:00,Teclado Mecânico,Acessórios,517.39,1,147,Palmas,TO,517.39
1508,2025-11-23 04:00:00,Dock Station USB-C,Acessórios,500.0,1,140,Vitória,ES,500.0
1509,2025-11-23 12:00:00,Laptop Gamer,Eletrônicos,7500.0,3,111,Aracaju,SE,22500.0
1510,2025-11-24 12:00:00,Caixa de Som Bluetooth,Acessórios,350.0,7,115,Campo Grande,MS,2450.0
1511,2025-11-24 15:00:00,Teclado Mecânico,Acessórios,511.3,4,119,João Pessoa,PB,2045.2
1512,2025-11-24 10:00:00,Roteador Wi-Fi 6,Hardware,650.0,6,104,Rio Branco,AC,3900.0
1513,2025-11-24 16:00:00,Webcam Full HD,Acessórios,300.0,5,147,Belo Horizonte,MG,1500.0
1514,2025-11-24 22:00:00,Webcam Full HD,Acessórios,300.0,6,108,São Paulo,SP,1800.0
1515,2025-11-25 14:00:00,Laptop Gamer,Eletrônicos,7500.0,7,147,João Pessoa,PB,52500.0
1516,2025-11-25 00:00:00,Impressora Multifuncional,Eletrônicos,900.0,5,103,Belém,PA,4500.0
1517,2025-11-25 15:00:00,Mouse Vertical,Acessórios,244.68,4,103,Curitiba,PR,978.72
1518,2025-11-25 19:00:00,SSD 1TB,Hardware,600.0,6,113,Fortaleza,CE,3600.0
1519,2025-11-25 18:00:00,Mesa Escritório,Móveis,700.0,1,116,Curitiba,PR,700.0
1520,2025-11-26 06:00:00,Impressora Multifuncional,Eletrônicos,900.0,5,115,Boa Vista,RR,4500.0
1521,2025-11-26 06:00:00,Laptop Gamer,Eletrônicos,7500.0,7,133,Rio de Janeiro,RJ,52500.0
1522,2025-11-26 20:00:00,Smartphone Premium,Eletrônicos,4200.0,6,103,Natal,RN,25200.0
1523,2025-11-26 18:00:00,Notebook Ultrafino,Eletrônicos,5200.0,6,149,Salvador,BA,31200.0
1524,2025-11-26 22:00:00,Mouse Vertical,Acessórios,244.18,1,119,Natal,RN,244.18
1525,2025-11-27 05:00:00,Laptop Gamer,Eletrônicos,7500.0,3,105,Goiânia,GO,22500.0
1526,2025-11-27 19:00:00,Laptop Gamer,Eletrônicos,7500.0,6,111,Fortaleza,CE,45000.0
1527,2025-11-27 12:00:00,HD Externo 2TB,Hardware,450.0,6,119,Porto Velho,RO,2700.0
1528,2025-11-27 14:00:00,Mouse Vertical,Acessórios,243.89,6,122,Fortaleza,CE,1463.34
1529,2025-11-27 13:00:00,Laptop Gamer,Eletrônicos,7500.0,1,133,Belém,PA,7500.0
1530,2025-11-28 10:00:00,Mesa Escritório,Móveis,700.0,7,104,João Pessoa,PB,4900.0
1531,2025-11-28 06:00:00,Smartphone Premium,Eletrônicos,4200.0,5,100,Maceió,AL,21000.0
1532,2025-11-28 18:00:00,Placa de Vídeo,Hardware,4500.0,1,137,Fortaleza,CE,4500.0
1533,2025-11-28 14:00:00,Monitor Ultrawide,Eletrônicos,2800.0,7,145,Goiânia,GO,19600.0
1534,2025-11-28 02:00:00,Headset 7.1,Acessórios,800.0,2,106,Boa Vista,RR,1600.0
1535,2025-11-29 15:00:00,Roteador Wi-Fi 6,Hardware,650.0,1,104,Rio Branco,AC,650.0
1536,2025-11-29 07:00:00,Webcam Full HD,Acessórios,300.0,6,100,Belo Horizonte,MG,1800.0
1537,2025-11-29 09:00:00,Caixa de Som Bluetooth,Acessórios,350.0,7,106,Rio Branco,AC,2450.0
1538,2025-11-29 04:00:00,Mouse Vertical,Acessórios,248.61,3,101,Cuiabá,MT,745.83
1539,2025-11-29 02:00:00,Placa de Vídeo,Hardware,4500.0,1,105,Boa Vista,RR,4500.0
1540,2025-11-30 03:00:00,Dock Station USB-C,Acessórios,500.0,3,134,Porto Alegre,RS,1500.0
1541,2025-11-30 10:00:00,Mouse Vertical,Acessórios,248.9,2,124,Vitória,ES,497.8
1542,2025-11-30 05:00:00,Webcam Full HD,Acessórios,300.0,1,137,Brasília,DF,300.0
1543,2025-11-30 01:00:00,Roteador Wi-Fi 6,Hardware,650.0,7,110,Florianópolis,SC,4550.0
1544,2025-11-30 18:00:00,Mesa Escritório,Móveis,700.0,4,127,Brasília,DF,2800.0
1545,2025-12-01 13:00:00,Roteador Wi-Fi 6,Hardware,650.0,7,128,Salvador,BA,4550.0
1546,2025-12-01 09:00:00,Teclado Mecânico,Acessórios,538.11,4,143,São Paulo,SP,2152.44
1547,2025-12-01 11:00:00,Placa de Vídeo,Hardware,4500.0,3,102,Salvador,BA,13500.0
1548,2025-12-01 06:00:00,SSD 1TB,Hardware,600.0,5,105,Manaus,AM,3000.0
1549,2025-12-01 09:00:00,SSD 1TB,Hardware,600.0,6,100,Recife,PE,3600.0
1550,2025-12-02 14:00:00,Mesa Escritório,Móveis,700.0,7,142,Florianópolis,SC,4900.0
1551,2025-12-02 08:00:00,Webcam Full HD,Acessórios,300.0,4,128,Teresina,PI,1200.0
1552,2025-12-02 10:00:00,Cadeira Gamer,Móveis,1200.0,5,119,Teresina,PI,6000.0
1553,2025-12-02 11:00:00,Placa de Vídeo,Hardware,4500.0,3,137,São Paulo,SP,13500.0
1554,2025-12-02 09:00:00,Webcam Full HD,Acessórios,300.0,3,142,Maceió,AL,900.0
1555,2025-12-03 13:00:00,Monitor Ultrawide,Eletrônicos,2800.0,6,123,Cuiabá,MT,16800.0
1556,2025-12-03 11:00:00,Impressora Multifuncional,Eletrônicos,900.0,6,115,Boa Vista,RR,5400.0
1557,2025-12-03 15:00:00,Smartphone Premium,Eletrônicos,4200.0,4,104,Belo Horizonte,MG,16800.0
1558,2025-12-03 07:00:00,Smartphone Premium,Eletrônicos,4200.0,7,100,Boa Vista,RR,29400.0
1559,2025-12-03 10:00:00,Impressora Multifuncional,Eletrônicos,900.0,2,101,Porto Velho,RO,1800.0
1560,2025-12-04 14:00:00,Dock Station USB-C,Acessórios,500.0,5,138,Florianópolis,SC,2500.0
1561,2025-12-04 15:00:00,Impressora Multifuncional,Eletrônicos,900.0,2,134,Belo Horizonte,MG,1800.0
1562,2025-12-04 17:00:00,Mesa Escritório,Móveis,700.0,3,106,Palmas,TO,2100.0
1563,2025-12-04 01:00:00,Laptop Gamer,Eletrônicos,7500.0,5,137,Belo Horizonte,MG,37500.0
1564,2025-12-04 19:00:00,Laptop Gamer,Eletrônicos,7500.0,5,111,Porto Velho,RO,37500.0
1565,2025-12-05 00:00:00,Mesa Escritório,Móveis,700.0,7,136,Campo Grande,MS,4900.0
1566,2025-12-05 05:00:00,Smartphone Premium,Eletrônicos,4200.0,5,100,Vitória,ES,21000.0
1567,2025-12-05 16:00:00,Placa de Vídeo,Hardware,4500.0,1,119,Goiânia,GO,4500.0
1568,2025-12-05 10:00:00,Notebook Ultrafino,Eletrônicos,5200.0,6,126,Natal,RN,31200.0
1569,2025-12-05 19:00:00,Laptop Gamer,Eletrônicos,7500.0,3,104,São Paulo,SP,22500.0
1570,2025-12-06 11:00:00,HD Externo 2TB,Hardware,450.0,5,131,Manaus,AM,2250.0
1571,2025-12-06 16:00:00,Webcam Full HD,Acessórios,300.0,4,131,Porto Alegre,RS,1200.0
1572,2025-12-06 20:00:00,Teclado Mecânico,Acessórios,502.22,5,111,João Pessoa,PB,2511.1000000000004
1573,2025-12-06 06:00:00,Webcam Full HD,Acessórios,300.0,4,111,Florianópolis,SC,1200.0
1574,2025-12-06 01:00:00,Smartphone Premium,Eletrônicos,4200.0,3,116,São Luís,MA,12600.0
1575,2025-12-07 15:00:00,Placa de Vídeo,Hardware,4500.0,3,145,Cuiabá,MT,13500.0
1576,2025-12-07 16:00:00,Caixa de Som Bluetooth,Acessórios,350.0,6,145,Palmas,TO,2100.0
1577,2025-12-07 17:00:00,Caixa de Som Bluetooth,Acessórios,350.0,7,108,Belo Horizonte,MG,2450.0
1578,2025-12-07 07:00:00,Roteador Wi-Fi 6,Hardware,650.0,1,149,Goiânia,GO,650.0
1579,2025-12-07 01:00:00,Cadeira Gamer,Móveis,1200.0,6,138,Macapá,AP,7200.0
1580,2025-12-08 06:00:00,Placa de Vídeo,Hardware,4500.0,4,104,Teresina,PI,18000.0
1581,2025-12-08 09:00:00,Dock Station USB-C,Acessórios,500.0,4,137,Belo Horizonte,MG,2000.0
1582,2025-12-08 07:00:00,Dock Station USB-C,Acessórios,500.0,7,127,Rio Branco,AC,3500.0
1583,2025-12-08 00:00:00,SSD 1TB,Hardware,600.0,4,112,Manaus,AM,2400.0
1584,2025-12-08 17:00:00,Cadeira Gamer,Móveis,1200.0,1,127,Vitória,ES,1200.0
1585,2025-12-09 08:00:00,Roteador Wi-Fi 6,Hardware,650.0,5,120,Belém,PA,3250.0
1586,2025-12-09 00:00:00,Mesa Escritório,Móveis,700.0,5,100,Manaus,AM,3500.0
1587,2025-12-09 01:00:00,Mouse Vertical,Acessórios,226.41,5,118,Brasília,DF,1132.05
1588,2025-12-09 20:00:00,Roteador Wi-Fi 6,Hardware,650.0,2,132,Porto Alegre,RS,1300.0
1589,2025-12-09 12:00:00,Fonte 750W,Hardware,550.0,7,114,Florianópolis,SC,3850.0
1590,2025-12-10 13:00:00,Notebook Ultrafino,Eletrônicos,5200.0,3,123,Rio de Janeiro,RJ,15600.0
1591,2025-12-10 17:00:00,Mouse Vertical,Acessórios,236.68,4,136,Cuiabá,MT,946.72
1592,2025-12-10 11:00:00,Roteador Wi-Fi 6,Hardware,650.0,2,143,Campo Grande,MS,1300.0
1593,2025-12-10 05:00:00,Fonte 750W,Hardware,550.0,7,104,Recife,PE,3850.0
1594,2025-12-10 07:00:00,Placa de Vídeo,Hardware,4500.0,6,105,João Pessoa,PB,27000.0
1595,2025-12-11 13:00:00,Cadeira Gamer,Móveis,1200.0,2,106,Cuiabá,MT,2400.0
1596,2025-12-11 20:00:00,Caixa de Som Bluetooth,Acessórios,350.0,1,122,Brasília,DF,350.0
1597,2025-12-11 04:00:00,SSD 1TB,Hardware,600.0,5,117,Rio de Janeiro,RJ,3000.0
1598,2025-12-11 15:00:00,Monitor Ultrawide,Eletrônicos,2800.0,6,126,Maceió,AL,16800.0
1599,2025-12-11 20:00:00,Caixa de Som Bluetooth,Acessórios,350.0,6,107,Campo Grande,MS,2100.0
1600,2025-12-12 21:00:00,Notebook Ultrafino,Eletrônicos,5200.0,5,101,Belo Horizonte,MG,26000.0
1601,2025-12-12 00:00:00,HD Externo 2TB,Hardware,450.0,3,104,Florianópolis,SC,1350.0
1602,2025-12-12 11:00:00,SSD 1TB,Hardware,600.0,5,121,São Luís,MA,3000.0
1603,2025-12-12 22:00:00,SSD 1TB,Hardware,600.0,1,100,Rio de Janeiro,RJ,600.0
1604,2025-12-12 03:00:00,Laptop Gamer,Eletrônicos,7500.0,2,110,Florianópolis,SC,15000.0
1605,2025-12-13 04:00:00,Webcam Full HD,Acessórios,300.0,1,120,São Luís,MA,300.0
1606,2025-12-13 08:00:00,Cadeira Gamer,Móveis,1200.0,4,121,Palmas,TO,4800.0
1607,2025-12-13 13:00:00,Roteador Wi-Fi 6,Hardware,650.0,1,117,Belo Horizonte,MG,650.0
1608,2025-12-13 09:00:00,Impressora Multifuncional,Eletrônicos,900.0,4,104,Porto Velho,RO,3600.0
1609,2025-12-13 11:00:00,Mouse Vertical,Acessórios,242.54,4,147,Rio de Janeiro,RJ,970.16
1610,2025-12-14 15:00:00,Mesa Escritório,Móveis,700.0,7,126,Rio de Janeiro,RJ,4900.0
1611,2025-12-14 10:00:00,Mouse Vertical,Acessórios,234.26,7,122,Belo Horizonte,MG,1639.82
1612,2025-12-14 01:00:00,Cadeira Gamer,Móveis,1200.0,5,148,Porto Velho,RO,6000.0
1613,2025-12-14 02:00:00,SSD 1TB,Hardware,600.0,5,119,Teresina,PI,3000.0
1614,2025-12-14 12:00:00,HD Externo 2TB,Hardware,450.0,6,118,Brasília,DF,2700.0
1615,2025-12-15 20:00:00,Webcam Full HD,Acessórios,300.0,2,143,Rio de Janeiro,RJ,600.0
1616,2025-12-15 03:00:00,Dock Station USB-C,Acessórios,500.0,5,135,Cuiabá,MT,2500.0
1617,2025-12-15 19:00:00,Notebook Ultrafino,Eletrônicos,5200.0,4,106,Goiânia,GO,20800.0
1618,2025-12-15 22:00:00,Cadeira Gamer,Móveis,1200.0,7,109,Maceió,AL,8400.0
1619,2025-12-15 02:00:00,Teclado Mecânico,Acessórios,533.41,7,128,Brasília,DF,3733.87
1620,2025-12-16 20:00:00,Placa de Vídeo,Hardware,4500.0,7,101,Manaus,AM,31500.0
1621,2025-12-16 16:00:00,Laptop Gamer,Eletrônicos,7500.0,6,103,Goiânia,GO,45000.0
1622,2025-12-16 11:00:00,Roteador Wi-Fi 6,Hardware,650.0,6,127,Campo Grande,MS,3900.0
1623,2025-12-16 20:00:00,Monitor Ultrawide,Eletrônicos,2800.0,6,110,Florianópolis,SC,16800.0
1624,2025-12-16 11:00:00,Teclado Mecânico,Acessórios,538.06,6,107,Natal,RN,3228.3599999999997
1625,2025-12-17 03:00:00,HD Externo 2TB,Hardware,450.0,2,110,Curitiba,PR,900.0
1626,2025-12-17 16:00:00,Headset 7.1,Acessórios,800.0,7,135,Campo Grande,MS,5600.0
1627,2025-12-17 16:00:00,Caixa de Som Bluetooth,Acessórios,350.0,6,106,Fortaleza,CE,2100.0
1628,2025-12-17 02:00:00,Monitor Ultrawide,Eletrônicos,2800.0,5,129,São Paulo,SP,14000.0
1629,2025-12-17 00:00:00,Cadeira Gamer,Móveis,1200.0,1,144,Vitória,ES,1200.0
1630,2025-12-18 08:00:00,Fonte 750W,Hardware,550.0,3,127,Florianópolis,SC,1650.0
1631,2025-12-18 10:00:00,Webcam Full HD,Acessórios,300.0,5,133,Florianópolis,SC,1500.0
1632,2025-12-18 20:00:00,Mouse Vertical,Acessórios,237.55,5,116,Recife,PE,1187.75
1633,2025-12-18 23:00:00,Cadeira Gamer,Móveis,1200.0,2,105,Cuiabá,MT,2400.0
1634,2025-12-18 19:00:00,Fonte 750W,Hardware,550.0,4,106,Recife,PE,2200.0
1635,2025-12-19 21:00:00,Mesa Escritório,Móveis,700.0,3,100,Natal,RN,2100.0
1636,2025-12-19 06:00:00,Monitor Ultrawide,Eletrônicos,2800.0,5,131,Campo Grande,MS,14000.0
1637,2025-12-19 04:00:00,Smartphone Premium,Eletrônicos,4200.0,7,106,Palmas,TO,29400.0
1638,2025-12-19 13:00:00,Notebook Ultrafino,Eletrônicos,5200.0,7,102,Macapá,AP,36400.0
1639,2025-12-19 20:00:00,Laptop Gamer,Eletrônicos,7500.0,1,144,Teresina,PI,7500.0
1640,2025-12-20 18:00:00,Placa de Vídeo,Hardware,4500.0,6,105,Teresina,PI,27000.0
1641,2025-12-20 00:00:00,Teclado Mecânico,Acessórios,500.78,5,140,Cuiabá,MT,2503.8999999999996
1642,2025-12-20 03:00:00,Notebook Ultrafino,Eletrônicos,5200.0,4,109,Porto Velho,RO,20800.0
1643,2025-12-20 14:00:00,Mesa Escritório,Móveis,700.0,1,117,Maceió,AL,700.0
1644,2025-12-20 17:00:00,Monitor Ultrawide,Eletrônicos,2800.0,6,108,Cuiabá,MT,16800.0
1645,2025-12-21 14:00:00,Caixa de Som Bluetooth,Acessórios,350.0,2,111,Salvador,BA,700.0
1646,2025-12-21 14:00:00,SSD 1TB,Hardware,600.0,7,111,Recife,PE,4200.0
1647,2025-12-21 02:00:00,Mesa Escritório,Móveis,700.0,3,141,Manaus,AM,2100.0
1648,2025-12-21 01:00:00,Roteador Wi-Fi 6,Hardware,650.0,5,134,Salvador,BA,3250.0
1649,2025-12-21 22:00:00,Mesa Escritório,Móveis,700.0,4,136,Fortaleza,CE,2800.0
1650,2025-12-22 01:00:00,HD Externo 2TB,Hardware,450.0,7,133,Vitória,ES,3150.0
1651,2025-12-22 04:00:00,Laptop Gamer,Eletrônicos,7500.0,3,149,Porto Alegre,RS,22500.0
1652,2025-12-22 16:00:00,Monitor Ultrawide,Eletrônicos,2800.0,2,128,Boa Vista,RR,5600.0
1653,2025-12-22 12:00:00,Mouse Vertical,Acessórios,249.15,4,123,João Pessoa,PB,996.6
1654,2025-12-22 21:00:00,Teclado Mecânico,Acessórios,539.47,6,129,Porto Alegre,RS,3236.82
1655,2025-12-23 04:00:00,Placa de Vídeo,Hardware,4500.0,1,102,Cuiabá,MT,4500.0
1656,2025-12-23 09:00:00,Notebook Ultrafino,Eletrônicos,5200.0,4,118,Palmas,TO,20800.0
1657,2025-12-23 10:00:00,Impressora Multifuncional,Eletrônicos,900.0,5,137,Vitória,ES,4500.0
1658,2025-12-23 04:00:00,Notebook Ultrafino,Eletrônicos,5200.0,7,113,Manaus,AM,36400.0
1659,2025-12-23 12:00:00,Cadeira Gamer,Móveis,1200.0,2,132,João Pessoa,PB,2400.0
1660,2025-12-24 03:00:00,Smartphone Premium,Eletrônicos,4200.0,2,133,Teresina,PI,8400.0
1661,2025-12-24 02:00:00,Teclado Mecânico,Acessórios,500.73,4,138,Curitiba,PR,2002.92
1662,2025-12-24 10:00:00,Notebook Ultrafino,Eletrônicos,5200.0,6,122,Curitiba,PR,31200.0
1663,2025-12-24 23:00:00,Dock Station USB-C,Acessórios,500.0,5,110,Curitiba,PR,2500.0
1664,2025-12-24 20:00:00,Headset 7.1,Acessórios,800.0,6,127,Campo Grande,MS,4800.0
1665,2025-12-25 17:00:00,Headset 7.1,Acessórios,800.0,7,130,Curitiba,PR,5600.0
1666,2025-12-25 08:00:00,Monitor Ultrawide,Eletrônicos,2800.0,2,112,Boa Vista,RR,5600.0
1667,2025-12-25 22:00:00,Roteador Wi-Fi 6,Hardware,650.0,5,127,São Paulo,SP,3250.0
1668,2025-12-25 23:00:00,Mouse Vertical,Acessórios,232.19,6,140,Teresina,PI,1393.1399999999999
1669,2025-12-25 19:00:00,Fonte 750W,Hardware,550.0,5,135,Teresina,PI,2750.0
1670,2025-12-26 22:00:00,Monitor Ultrawide,Eletrônicos,2800.0,6,126,Macapá,AP,16800.0
1671,2025-12-26 17:00:00,Mouse Vertical,Acessórios,232.62,7,138,Porto Velho,RO,1628.3400000000001
1672,2025-12-26 04:00:00,Headset 7.1,Acessórios,800.0,3,100,Maceió,AL,2400.0
1673,2025-12-26 23:00:00,Placa de Vídeo,Hardware,4500.0,5,137,Florianópolis,SC,22500.0
1674,2025-12-26 08:00:00,Placa de Vídeo,Hardware,4500.0,5,125,Vitória,ES,22500.0
1675,2025-12-27 09:00:00,Monitor Ultrawide,Eletrônicos,2800.0,1,125,Recife,PE,2800.0
1676,2025-12-27 04:00:00,Teclado Mecânico,Acessórios,536.81,4,132,Manaus,AM,2147.24
1677,2025-12-27 16:00:00,Headset 7.1,Acessórios,800.0,1,123,Salvador,BA,800.0
1678,2025-12-27 17:00:00,Mouse Vertical,Acessórios,231.15,3,112,Belo Horizonte,MG,693.45
1679,2025-12-27 07:00:00,Impressora Multifuncional,Eletrônicos,900.0,2,102,Fortaleza,CE,1800.0
1680,2025-12-28 02:00:00,Placa de Vídeo,Hardware,4500.0,3,127,Natal,RN,13500.0
1681,2025-12-28 21:00:00,Monitor Ultrawide,Eletrônicos,2800.0,5,125,Recife,PE,14000.0
1682,2025-12-28 12:00:00,Monitor Ultrawide,Eletrônicos,2800.0,7,126,Recife,PE,19600.0
1683,2025-12-28 10:00:00,HD Externo 2TB,Hardware,450.0,3,100,São Paulo,SP,1350.0
1684,2025-12-28 02:00:00,Mesa Escritório,Móveis,700.0,1,117,Goiânia,GO,700.0
1685,2025-12-29 05:00:00,Dock Station USB-C,Acessórios,500.0,7,124,Vitória,ES,3500.0
1686,2025-12-29 13:00:00,Placa de Vídeo,Hardware,4500.0,4,143,Porto Alegre,RS,18000.0
1687,2025-12-29 08:00:00,Mouse Vertical,Acessórios,233.84,4,122,Maceió,AL,935.36
1688,2025-12-29 14:00:00,Cadeira Gamer,Móveis,1200.0,2,104,Palmas,TO,2400.0
1689,2025-12-29 10:00:00,Laptop Gamer,Eletrônicos,7500.0,2,145,Fortaleza,CE,15000.0
1690,2025-12-30 07:00:00,Roteador Wi-Fi 6,Hardware,650.0,6,134,Recife,PE,3900.0
1691,2025-12-30 16:00:00,Webcam Full HD,Acessórios,300.0,1,118,Macapá,AP,300.0
1692,2025-12-30 13:00:00,Monitor Ultrawide,Eletrônicos,2800.0,4,125,Rio Branco,AC,11200.0
1693,2025-12-30 08:00:00,Webcam Full HD,Acessórios,300.0,7,128,São Luís,MA,2100.0
1694,2025-12-30 18:00:00,Caixa de Som Bluetooth,Acessórios,350.0,7,137,Boa Vista,RR,2450.0
1695,2025-12-31 11:00:00,Roteador Wi-Fi 6,Hardware,650.0,2,103,Macapá,AP,1300.0
1696,2025-12-31 00:00:00,Dock Station USB-C,Acessórios,500.0,6,117,Fortaleza,CE,3000.0
1697,2025-12-31 00:00:00,Dock Station USB-C,Acessórios,500.0,6,142,Brasília,DF,3000.0
1698,2025-12-31 17:00:00,SSD 1TB,Hardware,600.0,4,100,Cuiabá,MT,2400.0
1699,2025-12-31 15:00:00,SSD 1TB,Hardware,600.0,5,135,Belo Horizonte,MG,3000.0
1700,2026-01-01 13:00:00,Caixa de Som Bluetooth,Acessórios,350.0,6,135,Curitiba,PR,2100.0
1701,2026-01-01 01:00:00,SSD 1TB,Hardware,600.0,1,112,Maceió,AL,600.0
1702,2026-01-01 21:00:00,Monitor Ultrawide,Eletrônicos,2800.0,4,110,Vitória,ES,11200.0
1703,2026-01-01 01:00:00,SSD 1TB,Hardware,600.0,4,137,São Luís,MA,2400.0
1704,2026-01-01 03:00:00,Smartphone Premium,Eletrônicos,4200.0,4,129,Porto Alegre,RS,16800.0
1705,2026-01-02 17:00:00,Smartphone Premium,Eletrônicos,4200.0,6,126,Vitória,ES,25200.0
1706,2026-01-02 16:00:00,Notebook Ultrafino,Eletrônicos,5200.0,1,101,Porto Velho,RO,5200.0
1707,2026-01-02 23:00:00,Placa de Vídeo,Hardware,4500.0,1,120,Belo Horizonte,MG,4500.0
1708,2026-01-02 00:00:00,Fonte 750W,Hardware,550.0,2,129,Maceió,AL,1100.0
1709,2026-01-02 03:00:00,HD Externo 2TB,Hardware,450.0,5,125,Manaus,AM,2250.0
1710,2026-01-03 12:00:00,Mesa Escritório,Móveis,700.0,4,144,São Luís,MA,2800.0
1711,2026-01-03 01:00:00,Webcam Full HD,Acessórios,300.0,5,102,Maceió,AL,1500.0
1712,2026-01-03 14:00:00,Webcam Full HD,Acessórios,300.0,2,100,Aracaju,SE,600.0
1713,2026-01-03 07:00:00,Mouse Vertical,Acessórios,226.81,1,107,Fortaleza,CE,226.81
1714,2026-01-03 08:00:00,Mouse Vertical,Acessórios,236.33,6,121,Teresina,PI,1417.98
1715,2026-01-04 15:00:00,Notebook Ultrafino,Eletrônicos,5200.0,4,128,Natal,RN,20800.0
1716,2026-01-04 04:00:00,Teclado Mecânico,Acessórios,514.79,3,115,Maceió,AL,1544.37
1717,2026-01-04 04:00:00,Dock Station USB-C,Acessórios,500.0,5,138,Belém,PA,2500.0
1718,2026-01-04 08:00:00,Mesa Escritório,Móveis,700.0,3,130,Vitória,ES,2100.0
1719,2026-01-04 00:00:00,Caixa de Som Bluetooth,Acessórios,350.0,1,110,São Paulo,SP,350.0
1720,2026-01-05 18:00:00,Monitor Ultrawide,Eletrônicos,2800.0,4,138,Belo Horizonte,MG,11200.0
1721,2026-01-05 19:00:00,Teclado Mecânico,Acessórios,507.98,5,120,Brasília,DF,2539.9
1722,2026-01-05 21:00:00,Mouse Vertical,Acessórios,247.31,1,145,Curitiba,PR,247.31
1723,2026-01-05 01:00:00,Roteador Wi-Fi 6,Hardware,650.0,1,124,Florianópolis,SC,650.0
1724,2026-01-05 13:00:00,Mesa Escritório,Móveis,700.0,1,105,Palmas,TO,700.0
1725,2026-01-06 20:00:00,Monitor Ultrawide,Eletrônicos,2800.0,2,119,Goiânia,GO,5600.0
1726,2026-01-06 08:00:00,Mouse Vertical,Acessórios,241.16,6,136,Porto Velho,RO,1446.96
1727,2026-01-06 09:00:00,Notebook Ultrafino,Eletrônicos,5200.0,5,102,Rio de Janeiro,RJ,26000.0
1728,2026-01-06 15:00:00,Headset 7.1,Acessórios,800.0,2,143,Salvador,BA,1600.0
1729,2026-01-06 06:00:00,Monitor Ultrawide,Eletrônicos,2800.0,6,147,São Luís,MA,16800.0
1730,2026-01-07 18:00:00,HD Externo 2TB,Hardware,450.0,5,102,Curitiba,PR,2250.0
1731,2026-01-07 20:00:00,Monitor Ultrawide,Eletrônicos,2800.0,6,106,João Pessoa,PB,16800.0
1732,2026-01-07 06:00:00,Notebook Ultrafino,Eletrônicos,5200.0,7,113,Vitória,ES,36400.0
1733,2026-01-07 04:00:00,Notebook Ultrafino,Eletrônicos,5200.0,7,140,Fortaleza,CE,36400.0
1734,2026-01-07 04:00:00,Fonte 750W,Hardware,550.0,2,140,Salvador,BA,1100.0
1735,2026-01-08 02:00:00,Mesa Escritório,Móveis,700.0,3,138,Aracaju,SE,2100.0
1736,2026-01-08 12:00:00,Fonte 750W,Hardware,550.0,4,137,Rio Branco,AC,2200.0
1737,2026-01-08 13:00:00,Headset 7.1,Acessórios,800.0,6,117,Belém,PA,4800.0
1738,2026-01-08 11:00:00,Cadeira Gamer,Móveis,1200.0,6,142,Maceió,AL,7200.0
1739,2026-01-08 04:00:00,Dock Station USB-C,Acessórios,500.0,2,115,Rio Branco,AC,1000.0
1740,2026-01-09 09:00:00,Fonte 750W,Hardware,550.0,5,148,São Paulo,SP,2750.0
1741,2026-01-09 00:00:00,SSD 1TB,Hardware,600.0,6,122,Goiânia,GO,3600.0
1742,2026-01-09 13:00:00,Mesa Escritório,Móveis,700.0,6,121,Manaus,AM,4200.0
1743,2026-01-09 10:00:00,Notebook Ultrafino,Eletrônicos,5200.0,7,104,João Pessoa,PB,36400.0
1744,2026-01-09 07:00:00,Teclado Mecânico,Acessórios,534.77,4,132,Salvador,BA,2139.08
1745,2026-01-10 06:00:00,Impressora Multifuncional,Eletrônicos,900.0,2,106,Belém,PA,1800.0
1746,2026-01-10 04:00:00,Cadeira Gamer,Móveis,1200.0,4,117,Rio de Janeiro,RJ,4800.0
1747,2026-01-10 01:00:00,Mesa Escritório,Móveis,700.0,7,106,Natal,RN,4900.0
1748,2026-01-10 20:00:00,SSD 1TB,Hardware,600.0,6,108,Salvador,BA,3600.0
1749,2026-01-10 20:00:00,Caixa de Som Bluetooth,Acessórios,350.0,2,114,Curitiba,PR,700.0
1750,2026-01-11 20:00:00,SSD 1TB,Hardware,600.0,2,104,Goiânia,GO,1200.0
1751,2026-01-11 11:00:00,Laptop Gamer,Eletrônicos,7500.0,2,146,Florianópolis,SC,15000.0
1752,2026-01-11 08:00:00,Caixa de Som Bluetooth,Acessórios,350.0,5,112,Campo Grande,MS,1750.0
1753,2026-01-11 07:00:00,Dock Station USB-C,Acessórios,500.0,6,109,Cuiabá,MT,3000.0
1754,2026-01-11 04:00:00,Smartphone Premium,Eletrônicos,4200.0,5,112,Brasília,DF,21000.0
1755,2026-01-12 23:00:00,Placa de Vídeo,Hardware,4500.0,5,116,Recife,PE,22500.0
1756,2026-01-12 10:00:00,Impressora Multifuncional,Eletrônicos,900.0,4,144,João Pessoa,PB,3600.0
1757,2026-01-12 18:00:00,Headset 7.1,Acessórios,800.0,5,123,Maceió,AL,4000.0
1758,2026-01-12 19:00:00,Placa de Vídeo,Hardware,4500.0,3,134,Curitiba,PR,13500.0
1759,2026-01-12 07:00:00,Cadeira Gamer,Móveis,1200.0,5,107,São Luís,MA,6000.0
1760,2026-01-13 07:00:00,Cadeira Gamer,Móveis,1200.0,4,134,Florianópolis,SC,4800.0
1761,2026-01-13 19:00:00,Notebook Ultrafino,Eletrônicos,5200.0,7,103,Rio de Janeiro,RJ,36400.0
1762,2026-01-13 14:00:00,Notebook Ultrafino,Eletrônicos,5200.0,6,102,São Luís,MA,31200.0
1763,2026-01-13 19:00:00,Teclado Mecânico,Acessórios,511.66,1,122,Teresina,PI,511.66
1764,2026-01-13 21:00:00,HD Externo 2TB,Hardware,450.0,6,119,Palmas,TO,2700.0
1765,2026-01-14 15:00:00,Fonte 750W,Hardware,550.0,3,103,Porto Alegre,RS,1650.0
1766,2026-01-14 03:00:00,Roteador Wi-Fi 6,Hardware,650.0,3,119,Goiânia,GO,1950.0
1767,2026-01-14 12:00:00,Mouse Vertical,Acessórios,228.31,2,113,Belo Horizonte,MG,456.62
1768,2026-01-14 04:00:00,SSD 1TB,Hardware,600.0,5,129,Florianópolis,SC,3000.0
1769,2026-01-14 09:00:00,Smartphone Premium,Eletrônicos,4200.0,6,122,Rio Branco,AC,25200.0
1770,2026-01-15 09:00:00,Fonte 750W,Hardware,550.0,3,114,Boa Vista,RR,1650.0
1771,2026-01-15 23:00:00,Placa de Vídeo,Hardware,4500.0,6,140,Campo Grande,MS,27000.0
1772,2026-01-15 23:00:00,Roteador Wi-Fi 6,Hardware,650.0,6,147,Cuiabá,MT,3900.0
1773,2026-01-15 10:00:00,Webcam Full HD,Acessórios,300.0,7,119,Palmas,TO,2100.0
1774,2026-01-15 20:00:00,HD Externo 2TB,Hardware,450.0,1,127,Vitória,ES,450.0
1775,2026-01-16 06:00:00,Teclado Mecânico,Acessórios,515.06,5,110,Belo Horizonte,MG,2575.2999999999997
1776,2026-01-16 01:00:00,Fonte 750W,Hardware,550.0,2,102,Aracaju,SE,1100.0
1777,2026-01-16 21:00:00,Headset 7.1,Acessórios,800.0,4,124,João Pessoa,PB,3200.0
1778,2026-01-16 12:00:00,Teclado Mecânico,Acessórios,547.87,6,136,Belo Horizonte,MG,3287.2200000000003
1779,2026-01-16 10:00:00,Mouse Vertical,Acessórios,237.21,5,130,São Paulo,SP,1186.05
1780,2026-01-17 06:00:00,Webcam Full HD,Acessórios,300.0,1,113,Palmas,TO,300.0
1781,2026-01-17 11:00:00,Mesa Escritório,Móveis,700.0,5,114,Florianópolis,SC,3500.0
1782,2026-01-17 22:00:00,Mouse Vertical,Acessórios,239.02,6,144,Boa Vista,RR,1434.1200000000001
1783,2026-01-17 10:00:00,SSD 1TB,Hardware,600.0,4,137,Rio Branco,AC,2400.0
1784,2026-01-17 06:00:00,Placa de Vídeo,Hardware,4500.0,7,116,Boa Vista,RR,31500.0
1785,2026-01-18 20:00:00,Monitor Ultrawide,Eletrônicos,2800.0,5,120,Palmas,TO,14000.0
1786,2026-01-18 09:00:00,Smartphone Premium,Eletrônicos,4200.0,6,125,Belo Horizonte,MG,25200.0
1787,2026-01-18 01:00:00,Teclado Mecânico,Acessórios,513.08,6,115,Boa Vista,RR,3078.4800000000005
1788,2026-01-18 20:00:00,Headset 7.1,Acessórios,800.0,5,131,Porto Velho,RO,4000.0
1789,2026-01-18 01:00:00,Mesa Escritório,Móveis,700.0,3,135,Belém,PA,2100.0
1790,2026-01-19 12:00:00,HD Externo 2TB,Hardware,450.0,1,140,Vitória,ES,450.0
1791,2026-01-19 20:00:00,Monitor Ultrawide,Eletrônicos,2800.0,2,121,Boa Vista,RR,5600.0
1792,2026-01-19 02:00:00,Placa de Vídeo,Hardware,4500.0,6,115,Porto Alegre,RS,27000.0
1793,2026-01-19 06:00:00,Roteador Wi-Fi 6,Hardware,650.0,1,116,São Paulo,SP,650.0
1794,2026-01-19 14:00:00,Smartphone Premium,Eletrônicos,4200.0,6,101,Belém,PA,25200.0
1795,2026-01-20 07:00:00,Laptop Gamer,Eletrônicos,7500.0,1,109,Campo Grande,MS,7500.0
1796,2026-01-20 21:00:00,Cadeira Gamer,Móveis,1200.0,4,100,Belo Horizonte,MG,4800.0
1797,2026-01-20 03:00:00,Mouse Vertical,Acessórios,226.38,3,120,Vitória,ES,679.14
1798,2026-01-20 05:00:00,Webcam Full HD,Acessórios,300.0,4,149,Manaus,AM,1200.0
1799,2026-01-20 12:00:00,Cadeira Gamer,Móveis,1200.0,4,100,Recife,PE,4800.0
